fov,line,cellID,parentID,frame,tTrans,w,L,growthRateL2_0,area,growthRatearea2_0,V,growthRateV2_0,SA,growthRateSA2_0,beta2SA_V_2_0,Itot,xCM,yCM,orientation
2,2,55,48,37,-359.683333,0.771049,3.118560,0.017074,2.276978,0.025000,1.336146,0.032968,7.554155,0.024402,0.137962,491984.000000,19.362849,12.619409,0.146728
2,2,55,48,38,-354.683333,0.797077,3.384798,0.015731,2.561600,0.022222,1.556396,0.028303,8.475840,0.021749,0.118438,540924.000000,19.730964,12.573528,0.146934
2,2,100,92,62,-234.683333,0.685078,3.454077,0.007901,2.265593,0.013065,1.189040,0.018299,7.433990,0.012926,0.080812,483078.000000,19.252648,12.418486,-0.201153
2,2,100,92,63,-229.683333,0.701635,3.590531,0.007601,2.413597,0.012264,1.297834,0.016765,7.914437,0.012141,0.074038,504753.000000,19.619714,12.423504,-0.148158
2,2,101,95,62,-234.683333,0.798789,3.215242,0.017481,2.431370,0.016658,1.477833,0.015411,8.068550,0.015585,0.085088,517625.000000,27.981710,12.182801,0.087457
2,2,101,95,63,-229.683333,0.791825,3.496266,0.016778,2.633877,0.016018,1.591706,0.014878,8.697277,0.015073,0.082363,513432.000000,29.505460,12.128395,0.092105
2,2,101,95,64,-224.683333,0.785300,3.801852,0.016076,2.853251,0.015377,1.714648,0.014340,9.379524,0.014548,0.079579,612458.000000,30.324389,12.184144,0.104377
