fov,line,cellID,parentID,frame,tTrans,w,L,growthRateL2_0,area,growthRatearea2_0,V,growthRateV2_0,SA,growthRateSA2_0,beta2SA_V_2_0,Itot,xCM,yCM,orientation
9,6145,2,1,38,-353.850000,1.256715,2.846815,0.021323,3.238706,0.020167,3.011590,0.018113,11.239468,0.017630,0.065796,806323.000000,38.996747,49.808631,1.541897
9,6145,2,1,39,-348.850000,1.235747,3.150322,0.019693,3.565287,0.018608,3.284328,0.016760,12.230218,0.016502,0.061450,891017.000000,39.104895,50.088122,1.527008
9,6145,2,1,40,-343.850000,1.217128,3.467219,0.019199,3.902139,0.018081,3.562036,0.016290,13.257680,0.016278,0.060586,925641.000000,39.018207,50.013658,1.487333
9,6145,2,1,41,-338.850000,1.200197,3.815993,0.018786,4.270817,0.017793,3.864594,0.016208,14.388322,0.016246,0.060485,1021787.000000,39.048511,50.175391,1.481271
9,6145,2,1,42,-333.850000,1.186420,4.184102,0.017596,4.662029,0.016783,4.188404,0.015462,15.595183,0.015477,0.057629,1110812.000000,39.113396,50.384106,1.501022
