fov,line,cellID,parentID,frame,tTrans,w,L,growthRateL2_0,area,growthRatearea2_0,V,growthRateV2_0,SA,growthRateSA2_0,beta2SA_V_2_0,Itot,xCM,yCM,orientation
15,752,4,2,52,-283.133333,1.262402,2.640153,0.020836,2.990931,0.017881,2.777865,0.013958,10.470717,0.014970,0.056428,610309.000000,35.059095,7.165190,0.051098
15,752,4,2,53,-278.133333,1.228870,2.915206,0.018364,3.258334,0.014548,2.971738,0.009917,11.254470,0.012115,0.045882,703875.000000,34.684833,7.219667,0.081264
15,752,4,2,54,-273.133333,1.186256,3.175491,0.017125,3.464957,0.012305,3.072578,0.006721,11.834209,0.010208,0.039316,707614.000000,33.995358,7.239830,-0.013078
15,752,4,2,55,-268.133333,1.146840,3.459016,0.015798,3.684683,0.010174,3.178231,0.003936,12.462497,0.008403,0.032950,860325.000000,23.934101,7.295018,0.004503
15,752,4,2,56,-263.133333,1.101653,3.721940,0.014128,3.839836,0.008081,3.197686,0.001217,12.881424,0.006504,0.026202,944476.000000,23.779479,7.332125,0.009021
