fov,line,cellID,parentID,frame,tTrans,w,L,growthRateL2_0,area,growthRatearea2_0,V,growthRateV2_0,SA,growthRateSA2_0,beta2SA_V_2_0,Itot,xCM,yCM,orientation
23,3,50,46,30,-392.166667,0.693899,1.570256,0.055078,0.986269,0.078511,0.506348,0.102308,3.423076,0.073981,0.500135,162580.000000,24.566991,19.549355,-0.805694
23,3,50,46,31,-387.166667,0.745323,2.002685,0.040663,1.373434,0.051324,0.765365,0.060597,4.689286,0.048637,0.297993,355891.000000,26.837821,19.366743,0.117416
23,3,50,46,32,-382.166667,0.761373,2.384611,0.033987,1.691176,0.038152,0.970133,0.041364,5.703806,0.035833,0.210675,381699.000000,27.793374,19.493168,-0.048311
23,3,50,46,33,-377.166667,0.761861,2.813135,0.024307,2.018655,0.022728,1.166654,0.020563,6.733115,0.021069,0.121596,433066.000000,28.666347,19.426359,-0.105635
23,3,50,46,34,-372.166667,0.738867,3.068394,0.017946,2.149978,0.008892,1.210028,-0.000365,7.122413,0.007407,0.043600,472061.000000,29.710668,19.376614,0.069182
23,3,50,46,35,-367.166667,0.687068,3.363784,0.017563,2.209842,0.005418,1.162233,-0.008225,7.260683,0.003809,0.023794,468864.000000,30.856624,19.330766,0.038682
