fov,line,cellID,parentID,frame,tTrans,w,L,growthRateL2_0,area,growthRatearea2_0,V,growthRateV2_0,SA,growthRateSA2_0,beta2SA_V_2_0,Itot,xCM,yCM,orientation
23,2015,9,2,194,427.833333,1.201475,2.224381,0.026196,2.362751,0.026771,2.067843,0.026084,8.396023,0.023022,0.093477,549124.000000,26.782218,7.758540,-0.001739
23,2015,9,2,195,432.833333,1.184619,2.515725,0.023668,2.679021,0.025106,2.337534,0.025576,9.362501,0.022250,0.089119,626158.000000,27.918189,7.724990,-0.035506
23,2015,9,2,196,437.833333,1.182929,2.819810,0.022034,3.035339,0.023736,2.665684,0.024641,10.479208,0.021510,0.084558,707809.000000,29.072302,7.670635,-0.006057
23,2015,9,2,197,442.833333,1.178710,3.137037,0.021335,3.399500,0.022253,2.994397,0.022450,11.616537,0.020297,0.078742,823494.000000,30.493827,7.727834,-0.021755
23,2015,9,2,198,447.833333,1.171125,3.489089,0.019531,3.791826,0.019504,3.337935,0.018861,12.837049,0.017863,0.068698,882605.000000,32.012216,7.611478,-0.018233
23,2015,9,2,199,452.833333,1.159513,3.818478,0.017252,4.139050,0.016778,3.623977,0.015786,13.909642,0.015422,0.059194,943904.000000,34.066106,7.687103,-0.018200
