fov,line,cellID,parentID,frame,tTrans,w,L,growthRateL2_0,area,growthRatearea2_0,V,growthRateV2_0,SA,growthRateSA2_0,beta2SA_V_2_0,Itot,xCM,yCM,orientation
15,7734,13,2,26,-412.200000,1.051450,1.596691,0.064687,1.441588,0.058015,1.082076,0.047699,5.274235,0.045957,0.224005,487757.000000,17.402151,4.949952,0.120190
15,7734,13,2,27,-407.200000,0.977048,2.113117,0.046685,1.859754,0.042552,1.340146,0.036198,6.486187,0.035972,0.174102,510895.000000,17.777744,4.886860,0.094470
15,7734,13,2,28,-402.200000,0.937412,2.583208,0.035116,2.232950,0.032484,1.567175,0.028525,7.607460,0.028922,0.140394,747219.000000,18.284255,11.286439,0.003867
15,7734,13,2,29,-397.200000,0.915479,3.020246,0.032525,2.585113,0.031380,1.787188,0.029249,8.686415,0.028844,0.140195,757590.000000,18.613815,11.258628,-0.007652
15,7734,13,2,30,-392.200000,0.902824,3.565556,0.022459,3.044149,0.022890,2.089911,0.022786,10.113003,0.021518,0.104126,814384.000000,19.000714,11.300869,-0.014941
15,7734,13,2,31,-387.200000,0.904901,3.821032,0.015171,3.281931,0.016990,2.263396,0.018515,10.862548,0.016229,0.077887,904234.000000,19.362518,11.170784,-0.063855
15,7734,13,2,32,-382.200000,0.911937,4.145257,0.015643,3.601744,0.017759,2.508970,0.019576,11.875891,0.017066,0.080778,1004539.000000,19.780564,11.166138,-0.055296
