fov,line,cellID,parentID,frame,tTrans,w,L,growthRateL2_0,area,growthRatearea2_0,V,growthRateV2_0,SA,growthRateSA2_0,beta2SA_V_2_0,Itot,xCM,yCM,orientation
11,636,8,1,91,-87.950000,0.947708,2.121399,0.008946,1.817721,0.001512,1.273607,-0.006276,6.316065,-0.000291,-0.001442,373673.000000,9.222122,45.456901,0.006400
11,636,8,1,92,-82.950000,0.905812,2.216293,0.012073,1.831464,0.005936,1.233639,-0.000968,6.306884,0.004002,0.020461,377914.000000,9.300683,45.371870,-0.057493
11,636,8,1,93,-77.950000,0.875193,2.388971,0.015019,1.926434,0.010115,1.261670,0.004530,6.568477,0.008255,0.042980,349487.000000,9.306839,45.405638,-0.028241
11,636,8,1,94,-72.950000,0.846626,2.575103,0.018268,2.026329,0.014701,1.290796,0.010404,6.849144,0.012897,0.068436,381858.000000,9.407383,45.426339,-0.029839
11,636,8,1,95,-67.950000,0.829548,2.859383,0.019884,2.224317,0.017802,1.395966,0.015068,7.451842,0.016176,0.086349,424551.000000,9.567065,45.405549,-0.020687
