fov,line,cellID,parentID,frame,tTrans,w,L,growthRateL2_0,area,growthRatearea2_0,V,growthRateV2_0,SA,growthRateSA2_0,beta2SA_V_2_0,Itot,xCM,yCM,orientation
11,9196,10,1,73,-177.950000,0.913661,2.194740,0.006114,1.826103,-0.003754,1.239266,-0.013701,6.299671,-0.005351,-0.027201,389095.000000,11.645173,45.679240,-0.001585
11,9196,10,1,74,-172.950000,0.862840,2.261828,0.009902,1.791827,0.003911,1.154371,-0.002909,6.131122,0.002314,0.012291,323951.000000,11.744359,45.553541,0.019791
11,9196,10,1,75,-167.950000,0.847729,2.418711,0.013192,1.896189,0.011998,1.205681,0.010311,6.441556,0.010710,0.057222,350818.000000,11.915775,45.555247,0.010930
11,9196,10,1,76,-162.950000,0.841256,2.580905,0.015931,2.019326,0.017608,1.278693,0.018863,6.821033,0.016424,0.087613,393882.000000,12.294080,45.506666,0.019432
11,9196,10,1,77,-157.950000,0.850574,2.829870,0.018586,2.251754,0.023142,1.446875,0.027348,7.561853,0.022087,0.115436,420003.000000,12.613464,45.544568,-0.069398
11,9196,10,1,78,-152.950000,0.869961,3.106862,0.017527,2.540430,0.022848,1.674390,0.027854,8.491246,0.022015,0.111642,481787.000000,12.959801,45.539182,-0.077654
11,9196,10,1,79,-147.950000,0.889646,3.374417,0.017073,2.832186,0.021285,1.913262,0.025146,9.431177,0.020471,0.100907,534418.000000,13.340061,45.474686,-0.068209
11,9196,10,1,80,-142.950000,0.900732,3.682984,0.016756,3.143270,0.019794,2.155506,0.022477,10.421857,0.019012,0.091921,596926.000000,13.985045,45.454200,-0.074454
