fov,line,cellID,parentID,frame,tTrans,w,L,growthRateL2_0,area,growthRatearea2_0,V,growthRateV2_0,SA,growthRateSA2_0,beta2SA_V_2_0,Itot,xCM,yCM,orientation
13,6055,7,1,229,602.416667,1.082001,2.644743,0.024293,2.610376,0.020580,2.100178,0.015912,8.990031,0.017767,0.076332,1093083.000000,13.330919,41.091251,-0.063518
13,6055,7,1,230,607.433333,1.050424,2.967064,0.022949,2.879885,0.020606,2.267826,0.017389,9.791322,0.018314,0.079098,1182116.000000,13.898402,41.066214,-0.049298
13,6055,7,1,231,612.416667,1.032105,3.325643,0.022691,3.203811,0.021270,2.494529,0.019139,10.783247,0.019414,0.083812,1259006.000000,14.433706,41.017193,-0.041507
13,6055,7,1,232,617.416667,1.016539,3.720416,0.021222,3.560188,0.020020,2.744454,0.018213,11.881336,0.018484,0.080049,1399069.000000,15.015080,41.013864,-0.039380
