fov,line,cellID,parentID,frame,tTrans,w,L,growthRateL2_0,area,growthRatearea2_0,V,growthRateV2_0,SA,growthRateSA2_0,beta2SA_V_2_0,Itot,xCM,yCM,orientation
21,5941,8,1,64,-221.083333,0.872807,2.365750,0.010737,1.901362,0.008215,1.241383,0.005279,6.486898,0.007009,0.036626,453846.000000,14.448208,45.425275,-0.093085
21,5941,8,1,65,-216.083333,0.857368,2.492753,0.009121,1.979458,0.007129,1.274148,0.004765,6.714234,0.006157,0.032446,489431.000000,14.705310,45.448172,-0.141749
21,5941,8,1,66,-211.083333,0.847030,2.593104,0.009747,2.042468,0.008879,1.302094,0.007674,6.900309,0.008010,0.042451,502949.000000,14.922757,45.441302,-0.131857
21,5941,8,1,67,-206.083333,0.842522,2.745510,0.011178,2.160818,0.009428,1.374076,0.007337,7.266981,0.008464,0.044836,480296.000000,15.181465,45.381102,-0.095253
21,5941,8,1,68,-201.066667,0.824870,2.900509,0.010583,2.246525,0.008055,1.403077,0.005154,7.516394,0.007136,0.038228,506604.000000,15.427597,45.355836,-0.093536
21,5941,8,1,69,-196.083333,0.813729,3.052470,0.011901,2.341783,0.009623,1.446391,0.006998,7.803347,0.008715,0.046938,599875.000000,15.660650,45.393575,-0.118451
21,5941,8,1,70,-191.083333,0.799420,3.263175,0.013192,2.471500,0.009738,1.504122,0.005932,8.195302,0.008769,0.047777,617003.000000,15.998052,45.363877,-0.103375
21,5941,8,1,71,-186.083333,0.778831,3.482946,0.012123,2.582454,0.008511,1.535613,0.004540,8.521967,0.007668,0.042554,646726.000000,16.137899,45.320349,-0.098721
21,5941,8,1,72,-181.083333,0.764272,3.685403,0.010987,2.691300,0.008089,1.573845,0.004858,8.848771,0.007386,0.041529,687417.000000,16.473670,45.302479,-0.096296
