fov,line,cellID,parentID,frame,tTrans,w,L,growthRateL2_0,area,growthRatearea2_0,V,growthRateV2_0,SA,growthRateSA2_0,beta2SA_V_2_0,Itot,xCM,yCM,orientation
5,2530,15,11,88,-49.300000,0.831405,3.971538,0.009456,3.153615,0.030325,2.005668,0.053527,10.373396,0.030896,0.159796,562149.000000,26.578700,14.016990,-0.033975
5,2530,15,11,89,-44.300000,0.916509,4.159309,0.009029,3.631780,0.026332,2.542453,0.042226,11.975886,0.026762,0.126059,597564.000000,27.737652,14.115507,-0.034747
