fov,line,cellID,parentID,frame,tTrans,w,L,growthRateL2_0,area,growthRatearea2_0,V,growthRateV2_0,SA,growthRateSA2_0,beta2SA_V_2_0,Itot,xCM,yCM,orientation
4,1,55,51,34,-319.416667,0.969931,2.704378,0.007933,2.421170,0.019434,1.759314,0.031690,8.240588,0.019736,0.092441,436716.000000,24.938655,7.833558,-0.190544
4,1,55,51,35,-314.416667,1.024987,2.811643,0.015059,2.656438,0.024825,2.038076,0.034311,9.053749,0.024282,0.107868,474774.000000,28.602390,7.882220,0.146404
4,1,55,51,36,-309.416667,1.062362,3.127788,0.028408,3.080641,0.035358,2.458608,0.041548,10.439019,0.033528,0.142356,494673.000000,29.510357,7.888860,0.107054
4,1,55,51,37,-304.416667,1.079936,3.700195,0.030939,3.745692,0.035510,3.059571,0.039284,12.553723,0.033690,0.138235,662540.000000,27.549565,7.816635,-0.018243
