fov,line,cellID,parentID,frame,tTrans,w,L,growthRateL2_0,area,growthRatearea2_0,V,growthRateV2_0,SA,growthRateSA2_0,beta2SA_V_2_0,Itot,xCM,yCM,orientation
13,4,23,10,33,-323.316667,0.892853,3.075003,0.001216,2.574447,0.009763,1.738944,0.018893,8.625321,0.010307,0.051122,861462.000000,21.851782,25.336057,0.076846
13,4,23,10,34,-318.316667,0.933191,3.093697,0.003044,2.700125,0.008053,1.903211,0.012954,9.069809,0.008187,0.039015,918804.000000,22.294076,25.341250,0.078835
13,4,23,10,35,-313.316667,0.940902,3.169173,0.006917,2.791894,0.008617,1.985484,0.010167,9.367853,0.008235,0.038855,1019181.000000,22.806915,25.350072,-0.038621
13,4,23,10,36,-308.316667,0.945570,3.312897,0.009464,2.940700,0.010244,2.105070,0.010785,9.841279,0.009643,0.045081,937555.000000,23.202841,25.381814,-0.028802
13,4,23,10,37,-303.316667,0.942926,3.482721,0.012969,3.093144,0.011182,2.212519,0.009060,10.316830,0.010238,0.047740,1007491.000000,23.919653,25.377753,0.022013
13,4,23,10,38,-298.316667,0.921431,3.764571,0.017251,3.286587,0.014793,2.305517,0.011849,10.897530,0.013629,0.064420,1117649.000000,24.615654,25.395692,-0.009711
13,4,23,10,39,-293.316667,0.909144,4.132133,0.018360,3.579328,0.016613,2.485710,0.014449,11.802038,0.015566,0.073909,1119990.000000,25.524781,25.389075,0.017402
13,4,23,10,40,-288.316667,0.896165,4.523248,0.017294,3.881227,0.015557,2.664673,0.013432,12.734687,0.014647,0.070001,1241954.000000,26.420037,25.402044,0.012534
