fov,line,cellID,parentID,frame,tTrans,w,L,growthRateL2_0,area,growthRatearea2_0,V,growthRateV2_0,SA,growthRateSA2_0,beta2SA_V_2_0,Itot,xCM,yCM,orientation
11,5561,2,1,130,161.433333,1.026589,2.547150,0.025195,2.388711,0.019539,1.825084,0.012946,8.214878,0.016546,0.074474,427820.000000,14.922972,39.628280,0.010616
11,5561,2,1,131,166.433333,0.987160,2.868027,0.022725,2.622076,0.021233,1.943226,0.018859,8.894483,0.019045,0.087173,434872.000000,15.117604,39.647016,0.075940
11,5561,2,1,132,171.433333,0.985989,3.198900,0.021696,2.945451,0.022716,2.191553,0.023132,9.908838,0.021145,0.095606,484372.000000,15.271703,39.624809,0.068018
11,5561,2,1,133,176.433333,0.982057,3.562055,0.020921,3.291172,0.024394,2.450180,0.027481,10.989738,0.023187,0.104001,552054.000000,15.457985,39.614509,0.046112
11,5561,2,1,134,181.433333,1.005349,3.944106,0.019709,3.748300,0.024131,2.864900,0.028150,12.457056,0.023202,0.100886,621374.000000,15.620293,39.603973,0.010902
11,5561,2,1,135,186.433333,1.018144,4.339409,0.018219,4.195684,0.021326,3.256653,0.024059,13.880010,0.020504,0.087388,706330.000000,15.808568,39.518114,0.013864
