fov,line,cellID,parentID,frame,tTrans,w,L,growthRateL2_0,area,growthRatearea2_0,V,growthRateV2_0,SA,growthRateSA2_0,beta2SA_V_2_0,Itot,xCM,yCM,orientation
11,3201,2,1,137,196.433333,0.951500,2.415949,0.024016,2.104485,0.035107,1.492364,0.046174,7.221814,0.033621,0.162696,462925.000000,15.204458,7.884722,0.062224
11,3201,2,1,138,201.433333,0.992293,2.706062,0.023727,2.473898,0.032676,1.836908,0.041107,8.435820,0.031290,0.143695,548096.000000,15.310480,7.857485,0.025785
11,3201,2,1,139,206.433333,1.026469,3.058026,0.024516,2.912857,0.032813,2.247453,0.040644,9.861364,0.031437,0.137939,612815.000000,15.411080,7.858948,0.053088
11,3201,2,1,140,211.433333,1.062571,3.455768,0.025356,3.429702,0.032625,2.750354,0.039342,11.535928,0.031252,0.131082,738095.000000,16.026879,7.887049,0.016876
11,3201,2,1,141,216.433333,1.089541,3.934265,0.024325,4.031790,0.029867,3.329488,0.034788,13.466576,0.028673,0.115973,821425.000000,15.739023,7.836728,0.036189
