fov,line,cellID,parentID,frame,tTrans,w,L,growthRateL2_0,area,growthRatearea2_0,V,growthRateV2_0,SA,growthRateSA2_0,beta2SA_V_2_0,Itot,xCM,yCM,orientation
32,6,16,14,25,-361.000000,0.943189,2.565881,0.013508,2.229200,0.009910,1.573101,0.005811,7.603004,0.008380,0.040501,649880.000000,27.522000,38.521450,0.027601
32,6,16,14,26,-356.000000,0.920536,2.739178,0.014774,2.339661,0.012215,1.618804,0.009082,7.921562,0.010748,0.052595,696355.000000,27.854316,38.504916,0.038490
32,6,16,14,27,-351.000000,0.905929,2.970568,0.015942,2.514999,0.014043,1.720127,0.011632,8.454416,0.012700,0.062422,736137.000000,28.611129,38.526214,0.065442
32,6,16,14,28,-346.000000,0.891229,3.212747,0.013833,2.692836,0.012476,1.818891,0.010705,8.995298,0.011438,0.056567,790098.000000,29.246983,38.529417,0.060220
32,6,16,14,29,-341.000000,0.883935,3.414988,0.013131,2.850950,0.012887,1.914842,0.012309,9.483299,0.012047,0.059664,901860.000000,29.571143,38.631818,0.065732
32,6,16,14,30,-336.000000,0.881396,3.661186,0.010030,3.060240,0.010397,2.054590,0.010543,10.137778,0.009838,0.048542,937451.000000,30.321170,38.589052,0.025628
32,6,16,14,31,-331.000000,0.882049,3.782208,0.006400,3.169130,0.006872,2.131452,0.007212,10.480645,0.006543,0.032172,914966.000000,31.274231,38.746685,0.056491
