fov,line,cellID,parentID,frame,tTrans,w,L,growthRateL2_0,area,growthRatearea2_0,V,growthRateV2_0,SA,growthRateSA2_0,beta2SA_V_2_0,Itot,xCM,yCM,orientation
32,7,12,6,24,-366.000000,1.022644,3.134258,0.023858,2.980799,0.020014,2.294395,0.015426,10.069526,0.017874,0.078443,907846.000000,26.545230,44.743965,0.080298
32,7,12,6,25,-361.000000,0.995307,3.508139,0.021129,3.279084,0.016993,2.471357,0.012213,10.969426,0.015247,0.067675,1016345.000000,27.338991,44.821570,0.069372
32,7,12,6,26,-356.000000,0.964416,3.875507,0.019951,3.538001,0.015214,2.596214,0.009901,11.742022,0.013739,0.062136,1105206.000000,27.746712,44.855738,0.026647
32,7,12,6,27,-351.000000,0.935493,4.281346,0.018293,3.817362,0.013393,2.728403,0.008025,12.582612,0.012190,0.056217,1194132.000000,28.144275,44.871968,0.035038
32,7,12,6,28,-346.000000,0.907083,4.658706,0.016200,4.049259,0.011454,2.815181,0.006165,13.275847,0.010444,0.049250,1265996.000000,28.928588,44.877840,0.016573
