fov,line,cellID,parentID,frame,tTrans,w,L,growthRateL2_0,area,growthRatearea2_0,V,growthRateV2_0,SA,growthRateSA2_0,beta2SA_V_2_0,Itot,xCM,yCM,orientation
16,5779,2,1,212,457.050000,0.985280,2.792441,0.013682,2.543005,0.016285,1.878678,0.018536,8.643577,0.015279,0.070061,415555.000000,22.917263,41.474527,-0.056848
16,5779,2,1,213,462.033333,0.992619,2.982838,0.013201,2.749375,0.015621,2.052213,0.017703,9.301690,0.014722,0.066728,457558.000000,23.156590,41.486126,-0.054846
16,5779,2,1,214,467.050000,1.000318,3.186216,0.012724,2.972491,0.014962,2.241991,0.016873,10.012976,0.014160,0.063451,506625.000000,23.558386,41.472221,-0.050176
16,5779,3,1,212,457.050000,1.161429,2.889118,0.019348,3.066025,0.016099,2.650685,0.012085,10.541630,0.013856,0.054904,554225.000000,25.683247,41.388452,-0.027215
16,5779,3,1,213,462.033333,1.132440,3.167678,0.018511,3.311995,0.016751,2.810316,0.014278,11.269535,0.014889,0.059688,617542.000000,26.183522,41.396677,-0.031653
16,5779,3,1,214,467.050000,1.119161,3.475480,0.018695,3.620827,0.018344,3.051941,0.017408,12.219601,0.016810,0.067396,669165.000000,26.804836,41.364033,-0.029660
16,5779,3,1,215,472.050000,1.110949,3.818496,0.017966,3.977290,0.017925,3.342471,0.017384,13.327116,0.016620,0.066247,752931.000000,27.690760,41.290187,-0.032730
