fov,line,cellID,parentID,frame,tTrans,w,L,growthRateL2_0,area,growthRatearea2_0,V,growthRateV2_0,SA,growthRateSA2_0,beta2SA_V_2_0,Itot,xCM,yCM,orientation
16,6699,6,1,211,452.050000,1.090957,2.279033,0.007031,2.230910,0.002963,1.790441,-0.001490,7.811025,0.001594,0.006953,289951.000000,23.371053,9.882886,0.030693
16,6699,6,1,212,457.050000,1.062304,2.359154,0.011332,2.263963,0.010075,1.777106,0.008239,7.873268,0.008540,0.037774,257366.000000,20.860973,3.621061,0.085594
16,6699,6,1,213,462.033333,1.060511,2.545930,0.015504,2.458626,0.017046,1.936622,0.018047,8.482253,0.015521,0.067986,272937.000000,21.122311,3.599919,0.010144
16,6699,6,1,214,467.050000,1.062210,2.753884,0.018630,2.683070,0.020475,2.126612,0.021711,9.189797,0.018812,0.081433,312568.000000,21.510626,3.587376,0.002864
16,6699,6,1,215,472.050000,1.062539,3.059822,0.021546,3.008897,0.024460,2.399109,0.026784,10.213883,0.022808,0.097108,393645.000000,21.890184,3.527696,0.016507
16,6699,6,1,216,477.050000,1.074296,3.413139,0.021586,3.419046,0.024989,2.769201,0.027848,11.519342,0.023571,0.097895,440741.000000,22.386561,3.537036,0.018757
16,6699,6,1,217,482.033333,1.083961,3.795359,0.020691,3.861871,0.022197,3.169002,0.023172,12.924582,0.020877,0.085154,485916.000000,23.026620,3.511918,-0.029965
16,6699,6,1,218,487.050000,1.077935,4.198419,0.019137,4.276267,0.019317,3.503525,0.019033,14.217662,0.018129,0.073822,550493.000000,23.665890,3.418928,-0.041368
