fov,line,cellID,parentID,frame,tTrans,w,L,growthRateL2_0,area,growthRatearea2_0,V,growthRateV2_0,SA,growthRateSA2_0,beta2SA_V_2_0,Itot,xCM,yCM,orientation
16,3677,7,1,221,502.050000,0.986836,2.022685,0.029844,1.787070,0.037412,1.295468,0.044116,6.270805,0.034318,0.165565,222696.000000,21.413399,28.809680,-0.007232
16,3677,7,1,222,507.033333,1.005989,2.323507,0.026025,2.120242,0.031719,1.580270,0.036586,7.343229,0.029408,0.136653,255789.000000,21.953953,28.826688,-0.033348
16,3677,7,1,223,512.050000,1.021335,2.627388,0.023793,2.459586,0.028692,1.873620,0.032908,8.430285,0.026798,0.120778,304240.000000,22.382119,28.757803,-0.041909
16,3677,7,1,224,517.050000,1.036633,2.949678,0.022383,2.827120,0.026714,2.197875,0.030444,9.606151,0.025113,0.109577,353715.000000,22.740543,28.749769,-0.029772
16,3677,7,1,225,522.033333,1.049755,3.286526,0.020096,3.213559,0.023641,2.541626,0.026681,10.838641,0.022330,0.095225,413027.000000,23.178784,28.756593,-0.034327
16,3677,7,1,226,527.050000,1.060378,3.610155,0.017869,3.586830,0.020744,2.875997,0.023175,12.026422,0.019687,0.082600,467304.000000,23.620670,28.735496,-0.049016
