fov,line,cellID,parentID,frame,tTrans,w,L,growthRateL2_0,area,growthRatearea2_0,V,growthRateV2_0,SA,growthRateSA2_0,beta2SA_V_2_0,Itot,xCM,yCM,orientation
10,3618,2,1,223,511.316667,1.094995,2.238388,0.025129,2.193714,0.034012,1.764179,0.042408,7.700122,0.031681,0.138278,336428.000000,36.630550,33.759550,0.003898
10,3618,2,1,224,516.316667,1.126863,2.519631,0.022776,2.566773,0.029275,2.138252,0.035064,8.919858,0.027360,0.114135,373022.000000,36.308144,33.761220,-0.024974
10,3618,2,1,225,521.316667,1.147781,2.812261,0.022402,2.945144,0.026998,2.513941,0.030892,10.140624,0.025120,0.101328,410647.000000,36.160910,33.815907,-0.002129
10,3618,2,1,226,526.316667,1.158906,3.149622,0.022488,3.361892,0.025821,2.914859,0.028486,11.467177,0.024030,0.094536,448942.000000,36.214262,33.752767,-0.020500
10,3618,2,1,227,531.316667,1.166012,3.520538,0.022454,3.813221,0.023367,3.344256,0.023605,12.896209,0.021618,0.083364,494568.000000,36.394048,33.709786,-0.018721
10,3618,2,1,228,536.316667,1.151626,3.940115,0.021298,4.252924,0.020678,3.704278,0.019438,14.255095,0.019065,0.073368,549962.000000,36.478630,33.769131,-0.028237
