fov,line,cellID,parentID,frame,tTrans,w,L,growthRateL2_0,area,growthRatearea2_0,V,growthRateV2_0,SA,growthRateSA2_0,beta2SA_V_2_0,Itot,xCM,yCM,orientation
4,4601,24,10,144,235.566667,1.105463,2.452476,0.057698,2.448867,0.048600,2.000200,0.037324,8.517237,0.041550,0.176927,269299.000000,23.391812,53.163035,0.111341
4,4601,24,10,145,240.566667,1.036189,3.159997,0.051239,3.043938,0.043849,2.373473,0.034712,10.286683,0.039047,0.169231,294138.000000,23.861266,53.145102,0.110106
4,4601,24,10,146,245.566667,0.979867,4.071632,0.044780,3.783610,0.039099,2.824080,0.031912,12.533879,0.035858,0.159145,317033.000000,26.283041,46.759797,-0.042594
