fov,line,cellID,parentID,frame,tTrans,w,L,growthRateL2_0,area,growthRatearea2_0,V,growthRateV2_0,SA,growthRateSA2_0,beta2SA_V_2_0,Itot,xCM,yCM,orientation
4,9981,7,2,119,110.566667,1.141734,2.720840,0.067892,2.826729,0.057357,2.395984,0.044527,9.759276,0.049847,0.203036,282615.000000,27.347674,40.112241,0.057428
4,9981,7,2,120,115.566667,1.064828,3.644453,0.050170,3.637388,0.043888,2.929410,0.035953,12.191628,0.039698,0.165216,378089.000000,30.998439,33.780997,0.045258
4,9981,7,2,121,120.566667,1.021497,4.549251,0.032180,4.423121,0.029042,3.449195,0.025067,14.599133,0.027081,0.114622,391537.000000,32.265233,33.787098,0.048841
4,9981,7,2,122,125.566667,1.006019,5.108413,0.021892,4.921969,0.020270,3.794028,0.018178,16.145152,0.019151,0.081498,404311.000000,33.676634,33.802511,0.032109
