fov,line,cellID,parentID,frame,tTrans,w,L,growthRateL2_0,area,growthRatearea2_0,V,growthRateV2_0,SA,growthRateSA2_0,beta2SA_V_2_0,Itot,xCM,yCM,orientation
4,7334,11,1,183,430.566667,1.230260,1.484226,0.063349,1.501176,0.061272,1.276864,0.054896,5.736499,0.045785,0.205697,173831.000000,23.096388,53.048062,0.051925
4,7334,11,1,184,435.566667,1.148208,1.954349,0.046752,1.961073,0.045811,1.627335,0.042361,7.049734,0.037369,0.161885,186607.000000,23.192509,53.055873,0.008602
4,7334,11,1,185,440.566667,1.111187,2.397925,0.036120,2.399567,0.035264,1.966216,0.032830,8.370909,0.030618,0.130350,335462.000000,23.143883,46.647933,0.087171
4,7334,11,1,186,445.566667,1.084862,2.820468,0.032578,2.807247,0.031606,2.272847,0.029421,9.612700,0.028281,0.119609,412261.000000,23.572582,46.679317,0.108104
4,7334,11,1,187,450.566667,1.064250,3.316775,0.022589,3.286815,0.021004,2.634913,0.018696,11.089442,0.019048,0.080166,430803.000000,23.963259,46.623810,0.068714
4,7334,11,1,188,455.566667,1.045522,3.569686,0.014170,3.497599,0.012053,2.765481,0.009443,11.725001,0.010841,0.045964,465660.000000,24.503361,46.618231,0.051583
