fov,line,cellID,parentID,frame,tTrans,w,L,growthRateL2_0,area,growthRatearea2_0,V,growthRateV2_0,SA,growthRateSA2_0,beta2SA_V_2_0,Itot,xCM,yCM,orientation
4,5640,11,2,80,-84.433333,0.989528,2.145488,0.017340,1.912890,0.020279,1.396295,0.022616,6.669665,0.018480,0.088272,194448.000000,27.245337,46.175695,-0.069255
4,5640,11,2,81,-79.433333,0.994717,2.331501,0.016068,2.106844,0.016693,1.554188,0.016708,7.285932,0.014999,0.070316,217687.000000,27.772812,46.150318,-0.112779
4,5640,11,2,82,-74.433333,0.980468,2.520104,0.015997,2.264581,0.014803,1.655965,0.012984,7.762504,0.013083,0.061328,239867.000000,28.469407,46.098504,-0.134128
4,5640,11,2,83,-69.433333,0.966284,2.734653,0.016867,2.442077,0.015287,1.769202,0.013102,8.301506,0.013646,0.064029,237904.000000,28.396495,46.054579,-0.180079
4,5640,11,2,84,-64.433333,0.949726,2.981345,0.016972,2.637895,0.014879,1.887758,0.012219,8.895298,0.013372,0.063011,249884.000000,28.928804,46.077085,-0.138166
4,5640,11,2,85,-59.433333,0.932244,3.240655,0.018011,2.834576,0.017225,1.999876,0.015903,9.491008,0.015883,0.075376,260514.000000,29.575933,46.121402,-0.128109
4,5640,11,2,86,-54.433333,0.928826,3.565028,0.018968,3.126149,0.019854,2.205796,0.020293,10.402724,0.018711,0.088241,303934.000000,30.182132,46.083536,-0.126163
4,5640,11,2,87,-49.433333,0.929481,3.916857,0.018721,3.455243,0.020867,2.447490,0.022654,11.437425,0.019917,0.093077,329118.000000,31.025352,46.100487,-0.103520
4,5640,11,2,88,-44.433333,0.939075,4.298287,0.017748,3.847165,0.020375,2.760243,0.022661,12.680769,0.019610,0.090089,380321.000000,31.718374,46.076877,-0.077687
