fov,line,cellID,parentID,frame,tTrans,w,L,growthRateL2_0,area,growthRatearea2_0,V,growthRateV2_0,SA,growthRateSA2_0,beta2SA_V_2_0,Itot,xCM,yCM,orientation
10,4816,8,2,66,-153.716667,0.870595,2.873652,0.009809,2.339134,0.013290,1.537883,0.016637,7.859600,0.012800,0.065415,294248.000000,25.147561,46.384014,0.206159
10,4816,8,2,67,-148.716667,0.883007,3.014583,0.009414,2.494573,0.012528,1.665815,0.015465,8.362600,0.012075,0.060620,315141.000000,25.690515,46.415448,0.174217
10,4816,8,2,68,-143.716667,0.894152,3.157434,0.009551,2.651650,0.013095,1.795497,0.016498,8.869424,0.012675,0.062614,325399.000000,25.979150,46.421399,0.165041
10,4816,8,2,69,-138.716667,0.910623,3.316141,0.009822,2.841799,0.013045,1.962043,0.016074,9.486837,0.012607,0.060957,347071.000000,26.279557,46.424517,0.162194
10,4816,8,2,70,-133.716667,0.919833,3.483159,0.010200,3.022350,0.013925,2.110877,0.017531,10.065421,0.013504,0.064393,360828.000000,26.875871,46.441175,0.122074
10,4816,8,2,71,-128.716667,0.940352,3.671409,0.010255,3.262652,0.014730,2.332093,0.018971,10.846084,0.014395,0.066950,407102.000000,27.663183,46.423794,0.121574
10,4816,9,2,66,-153.716667,0.855621,3.002974,0.013236,2.412299,0.015442,1.562660,0.017362,8.072028,0.014661,0.075735,292106.000000,27.465184,46.349071,0.192200
10,4816,9,2,67,-148.716667,0.861339,3.201714,0.012825,2.598548,0.014888,1.698312,0.016677,8.663766,0.014185,0.072364,301107.000000,28.223086,46.331199,0.170128
10,4816,9,2,68,-143.716667,0.867294,3.413607,0.012415,2.799177,0.014335,1.845883,0.015989,9.301001,0.013702,0.069044,315623.000000,28.748710,46.349439,0.142754
