fov,line,cellID,parentID,frame,tTrans,w,L,growthRateL2_0,area,growthRatearea2_0,V,growthRateV2_0,SA,growthRateSA2_0,beta2SA_V_2_0,Itot,xCM,yCM,orientation
10,6437,15,4,152,276.283333,1.036651,2.200340,0.029540,2.050365,0.036679,1.565489,0.042963,7.165928,0.033712,0.154315,184793.000000,22.938089,53.614037,0.099323
10,6437,15,4,153,281.283333,1.055492,2.525335,0.036427,2.426391,0.042482,1.901780,0.047337,8.373824,0.039161,0.172430,224179.000000,23.350268,53.636036,0.098806
10,6437,15,4,154,286.283333,1.065557,3.120245,0.047804,3.081137,0.052816,2.465742,0.056442,10.445163,0.049150,0.208205,254424.000000,23.671695,53.639614,0.010722
10,6437,15,4,155,291.283333,1.070370,4.016933,0.044645,4.053738,0.047985,3.293488,0.050266,13.507611,0.045344,0.185970,475199.000000,25.432867,47.281787,0.049244
