fov,line,cellID,parentID,frame,tTrans,w,L,growthRateL2_0,area,growthRatearea2_0,V,growthRateV2_0,SA,growthRateSA2_0,beta2SA_V_2_0,Itot,xCM,yCM,orientation
34,3808,6,4,146,249.166667,0.855080,2.183838,0.036719,1.710447,0.042600,1.090398,0.047408,5.866472,0.039404,0.211997,169284.000000,21.074296,26.483219,-0.024435
34,3808,6,4,147,254.166667,0.864778,2.584779,0.031517,2.074772,0.035772,1.348868,0.039161,7.022277,0.033491,0.174357,197222.000000,21.145183,26.616255,-0.036046
34,3808,6,4,148,259.166667,0.872432,2.998483,0.028556,2.452630,0.033023,1.618634,0.036857,8.218316,0.031287,0.158853,264045.000000,20.840681,26.661605,0.048297
34,3808,6,4,149,264.166667,0.887441,3.441032,0.025722,2.884704,0.029956,1.945449,0.033598,9.593525,0.028670,0.141377,280196.000000,20.976784,26.702873,0.028015
