fov,line,cellID,parentID,frame,tTrans,w,L,growthRateL2_0,area,growthRatearea2_0,V,growthRateV2_0,SA,growthRateSA2_0,beta2SA_V_2_0,Itot,xCM,yCM,orientation
7,1,96,47,36,-304.066667,0.543933,2.034254,0.034708,1.043005,0.168501,0.430569,0.383592,3.476166,0.176959,1.428666,286976.000000,37.952867,7.535283,0.202917
7,1,96,47,37,-299.066667,0.873600,2.387274,0.023206,1.921744,0.080970,1.256383,0.135317,6.551864,0.084143,0.438795,1643986.000000,35.859225,8.055999,0.150597
7,1,96,47,38,-294.066667,1.105506,2.588249,0.019686,2.599050,0.065666,2.130667,0.115970,8.989117,0.068564,0.289267,1198155.000000,36.149804,8.013053,0.441500
7,1,96,47,39,-289.066667,1.397191,2.896790,0.014263,3.628437,0.031607,3.727325,0.045526,12.715189,0.032030,0.109267,1218683.000000,36.009205,8.015884,0.350365
7,1,96,47,40,-284.066667,1.385251,3.001414,0.012595,3.745908,0.014371,3.827569,0.015705,13.061836,0.013003,0.044373,1343122.000000,35.765904,7.949789,0.290331
7,1,96,47,41,-279.066667,1.400995,3.274807,0.020952,4.166770,0.022517,4.328431,0.023295,14.413590,0.020398,0.067926,1423705.000000,35.522259,7.945797,0.279759
7,1,96,47,42,-274.066667,1.381289,3.687555,0.022386,4.684129,0.022090,4.835875,0.020987,16.001957,0.019852,0.065691,1702653.000000,35.270813,7.943194,0.259273
