fov,line,cellID,parentID,frame,tTrans,w,L,growthRateL2_0,area,growthRatearea2_0,V,growthRateV2_0,SA,growthRateSA2_0,beta2SA_V_2_0,Itot,xCM,yCM,orientation
2,1707,27,21,29,-339.666667,0.974314,1.850608,0.059378,1.599354,0.065783,1.137616,0.069618,5.664521,0.058135,0.289471,662508.000000,26.762234,52.301745,0.049994
2,1707,27,21,30,-334.666667,0.969646,2.400032,0.049721,2.125409,0.054841,1.533608,0.058298,7.311054,0.050106,0.238867,748622.000000,25.751731,52.212076,0.030383
2,1707,27,21,31,-329.666667,0.975424,3.043937,0.050819,2.764947,0.055922,2.031672,0.059649,9.327797,0.052262,0.239943,1231597.000000,26.382474,45.842636,-0.106692
2,1707,27,21,32,-324.666667,0.982762,3.946933,0.045757,3.671630,0.049389,2.745472,0.051998,12.185916,0.046909,0.208206,1375014.000000,25.190963,45.888671,-0.084721
