fov,line,cellID,parentID,frame,tTrans,w,L,growthRateL2_0,area,growthRatearea2_0,V,growthRateV2_0,SA,growthRateSA2_0,beta2SA_V_2_0,Itot,xCM,yCM,orientation
5,6073,6,3,165,340.700000,0.198711,2.012337,0.031004,0.391400,0.033186,0.060353,0.035108,1.256241,0.032539,0.677296,10789.000000,32.802167,52.729200,-0.316377
5,6073,6,3,166,345.700000,0.200032,2.324289,0.032634,0.456345,0.030588,0.070948,0.028331,1.460626,0.029947,0.616540,16157.000000,32.315873,52.484544,-0.152075
5,6073,6,3,167,350.700000,0.194565,2.770849,0.035329,0.530985,0.030413,0.080453,0.025245,1.693662,0.029790,0.627113,18350.000000,32.903613,52.238542,-0.235235
5,6073,6,3,168,355.700000,0.189371,3.303206,0.043789,0.617834,0.033598,0.091258,0.023603,1.965160,0.032957,0.709704,14404.000000,23.076977,53.243300,0.038623
5,6073,6,3,169,360.700000,0.176717,4.217299,0.043350,0.738565,0.032693,0.101993,0.021050,2.341324,0.032133,0.737626,22753.000000,33.623838,53.083250,-0.264701
