fov,line,cellID,parentID,frame,tTrans,w,L,growthRateL2_0,area,growthRatearea2_0,V,growthRateV2_0,SA,growthRateSA2_0,beta2SA_V_2_0,Itot,xCM,yCM,orientation
7,5985,18,12,122,125.933333,0.720194,0.834303,0.158080,0.489550,0.106977,0.242075,0.053610,1.887657,0.071392,0.556700,13962.000000,32.037295,1.372212,-1.264019
7,5985,18,12,123,130.933333,0.545841,1.493735,0.088293,0.751403,0.069697,0.306963,0.042278,2.561472,0.052612,0.439020,19327.000000,32.220167,1.506733,-0.638025
