fov,line,cellID,parentID,frame,tTrans,w,L,growthRateL2_0,area,growthRatearea2_0,V,growthRateV2_0,SA,growthRateSA2_0,beta2SA_V_2_0,Itot,xCM,yCM,orientation
3,417,9,5,82,-74.550000,0.815897,1.820611,0.020661,1.342572,0.032325,0.809678,0.044141,4.666616,0.031074,0.179099,575790.000000,34.964143,46.063656,-0.011697
3,417,9,5,83,-69.550000,0.854401,2.008687,0.018644,1.559564,0.025768,0.988376,0.032282,5.391676,0.024523,0.133773,677209.000000,34.726211,46.044143,-0.038662
3,417,9,5,84,-64.550000,0.868430,2.195102,0.017971,1.744446,0.022387,1.128748,0.026298,5.988793,0.021000,0.111422,776862.000000,34.351472,46.073323,0.052775
3,417,9,5,85,-59.550000,0.880732,2.403175,0.017753,1.950089,0.020222,1.285219,0.022138,6.649349,0.018819,0.097366,894948.000000,34.178953,46.066805,0.066375
3,417,9,5,86,-54.550000,0.879043,2.621730,0.017149,2.138787,0.016846,1.413274,0.016004,7.240156,0.015400,0.078892,953902.000000,33.892907,45.909415,-0.112568
3,417,9,5,87,-49.550000,0.866333,2.852778,0.017492,2.310389,0.016279,1.511393,0.014523,7.764304,0.014875,0.076414,1047713.000000,33.476866,45.975269,-0.109067
3,417,9,5,88,-44.550000,0.856282,3.120745,0.017173,2.514886,0.016263,1.632769,0.014868,8.395078,0.015027,0.077264,1115831.000000,33.072615,45.909258,-0.083361
