fov,line,cellID,parentID,frame,tTrans,w,L,growthRateL2_0,area,growthRatearea2_0,V,growthRateV2_0,SA,growthRateSA2_0,beta2SA_V_2_0,Itot,xCM,yCM,orientation
2,8167,7,5,73,-119.666667,0.862811,2.245030,0.021879,1.777277,0.023332,1.144475,0.024045,6.085377,0.021326,0.113392,685121.000000,36.891002,52.449675,0.035537
2,8167,7,5,74,-114.666667,0.860657,2.490630,0.018774,1.984616,0.020085,1.282068,0.020827,6.734249,0.018560,0.097488,829689.000000,36.971258,45.884498,0.093064
2,8167,7,5,75,-109.666667,0.860749,2.712613,0.017096,2.175883,0.018428,1.411496,0.019286,7.335239,0.017184,0.089303,889209.000000,36.922600,45.871650,0.058556
2,8167,7,5,76,-104.666667,0.861368,2.954381,0.015402,2.385584,0.017070,1.554290,0.018363,7.994751,0.016083,0.082727,952133.000000,36.801611,45.849250,0.039160
2,8167,7,5,77,-99.666667,0.866311,3.167647,0.013465,2.583109,0.015294,1.696916,0.016810,8.621053,0.014530,0.073816,1027408.000000,36.560359,45.797597,0.034925
