fov,line,cellID,parentID,frame,tTrans,w,L,growthRateL2_0,area,growthRatearea2_0,V,growthRateV2_0,SA,growthRateSA2_0,beta2SA_V_2_0,Itot,xCM,yCM,orientation
1,2993,30,8,32,-324.783333,1.007565,2.118929,0.012696,1.917097,0.015762,1.421690,0.018429,6.707167,0.014501,0.068414,222285.000000,31.404302,51.455596,-0.121113
1,2993,30,8,33,-319.783333,1.016119,2.253433,0.013498,2.068181,0.017127,1.552694,0.020366,7.193483,0.015929,0.073799,281330.000000,31.060082,51.598390,-0.109615
1,2993,30,8,34,-314.783333,1.031616,2.423093,0.015249,2.271315,0.019912,1.737907,0.024175,7.853043,0.018718,0.084580,304204.000000,30.976378,51.608875,-0.125180
1,2993,30,8,35,-309.783333,1.051358,2.622936,0.015194,2.520434,0.019962,1.972840,0.024342,8.663398,0.018880,0.082907,347566.000000,30.732153,51.629526,-0.159003
1,2993,30,8,36,-304.783333,1.070427,2.821616,0.015409,2.774440,0.019011,2.218128,0.022167,9.488656,0.017873,0.076455,486921.000000,30.677738,51.595189,-0.151319
1,2993,30,8,37,-299.783333,1.078401,3.057731,0.016403,3.047890,0.019258,2.464535,0.021667,10.359278,0.018047,0.075856,515319.000000,30.395451,51.653812,-0.147812
1,2993,30,8,38,-294.783333,1.087938,3.323177,0.015267,3.361405,0.016766,2.752121,0.017827,11.358145,0.015656,0.064612,540931.000000,30.047291,51.657074,-0.122327
1,2993,30,8,39,-289.783333,1.083703,3.565075,0.014195,3.611452,0.013595,2.955163,0.012579,12.137490,0.012496,0.051325,578117.000000,29.812390,51.648956,-0.125861
1,2993,30,8,40,-284.783333,1.070238,3.829242,0.013797,3.852392,0.012509,3.123863,0.010801,12.874871,0.011455,0.047210,630054.000000,29.408523,51.822406,-0.101896
