fov,line,cellID,parentID,frame,tTrans,w,L,growthRateL2_0,area,growthRatearea2_0,V,growthRateV2_0,SA,growthRateSA2_0,beta2SA_V_2_0,Itot,xCM,yCM,orientation
15,348,41,22,227,1074.966667,1.099922,1.845556,0.022419,1.770336,0.017018,1.405261,0.010450,6.377331,0.012778,0.057989,499561.000000,16.272090,1.016029,0.040568
15,348,41,22,228,1082.100000,1.034704,2.140708,0.021004,1.985244,0.017978,1.510017,0.013788,6.958625,0.014735,0.067905,524294.000000,16.687252,0.960928,-0.006398
15,348,41,22,229,1089.233333,1.003454,2.487027,0.021100,2.279530,0.019439,1.702301,0.016924,7.840212,0.017054,0.078543,575920.000000,17.072000,0.960300,0.003971
15,348,41,22,230,1096.366667,0.976744,2.889373,0.021277,2.617440,0.021219,1.921029,0.020456,8.866129,0.019365,0.089375,655832.000000,17.595715,0.956572,-0.017861
15,348,41,22,231,1103.500000,0.973611,3.364082,0.019782,3.071883,0.020739,2.262923,0.021180,10.289685,0.019395,0.088189,818342.000000,18.074980,0.952791,-0.005748
