fov,line,cellID,parentID,frame,tTrans,w,L,growthRateL2_0,area,growthRatearea2_0,V,growthRateV2_0,SA,growthRateSA2_0,beta2SA_V_2_0,Itot,xCM,yCM,orientation
29,4086,4,2,62,-99.550000,0.927286,2.207442,0.006972,1.862402,-0.003772,1.282014,-0.014308,6.430619,-0.005480,-0.027557,470178.000000,16.837630,22.201618,-0.051407
29,4086,4,2,63,-92.400000,0.848647,2.317486,0.010027,1.812172,0.003846,1.150864,-0.003349,6.178659,0.002250,0.012083,320797.000000,15.286708,22.170404,0.090385
29,4086,4,2,64,-85.283333,0.831078,2.538953,0.012980,1.961845,0.011369,1.227022,0.009307,6.628977,0.010176,0.054925,369759.000000,15.716771,22.109764,-0.176897
29,4086,4,2,65,-78.150000,0.815445,2.787091,0.015448,2.130020,0.017991,1.313606,0.020269,7.139959,0.017005,0.092447,522821.000000,15.662076,22.088612,-0.182438
29,4086,4,2,66,-71.016667,0.844045,3.153192,0.018264,2.508552,0.023521,1.606875,0.028446,8.361151,0.022673,0.118001,602748.000000,16.117011,22.046344,-0.165286
29,4086,4,2,67,-63.883333,0.868354,3.608687,0.017695,2.971801,0.021853,1.965722,0.025591,9.844556,0.021124,0.105811,676708.000000,16.783379,21.999414,-0.131627
