fov,line,cellID,parentID,frame,tTrans,w,L,growthRateL2_0,area,growthRatearea2_0,V,growthRateV2_0,SA,growthRateSA2_0,beta2SA_V_2_0,Itot,xCM,yCM,orientation
29,1686,3,2,133,407.050000,0.977702,2.061715,0.026255,1.810605,0.030764,1.303186,0.034361,6.332646,0.027920,0.135577,487450.000000,13.586467,2.794719,-0.001134
29,1686,3,2,134,414.183333,0.987481,2.447847,0.022894,2.207939,0.026219,1.622608,0.028805,7.593862,0.024172,0.113179,587201.000000,13.821876,2.793744,-0.041939
29,1686,3,2,135,421.333333,0.995852,2.862175,0.021985,2.637478,0.025022,1.970782,0.027445,8.954492,0.023352,0.106154,683990.000000,14.083942,2.730238,-0.029650
29,1686,3,2,136,428.466667,1.006361,3.346634,0.020988,3.150581,0.023443,2.395158,0.025364,10.580638,0.022076,0.097452,856018.000000,14.403749,2.710330,-0.015201
29,1686,3,2,137,435.600000,1.012108,3.864241,0.018778,3.691197,0.020532,2.837480,0.021853,12.286855,0.019467,0.084237,1041929.000000,14.681920,2.699843,-0.014854
