fov,line,cellID,parentID,frame,tTrans,w,L,growthRateL2_0,area,growthRatearea2_0,V,growthRateV2_0,SA,growthRateSA2_0,beta2SA_V_2_0,Itot,xCM,yCM,orientation
29,5300,5,2,170,671.000000,1.004963,2.088400,0.020425,1.882027,0.028014,1.390830,0.035291,6.593463,0.026177,0.123891,723235.000000,15.993734,21.874163,-0.016242
29,5300,5,2,171,678.116667,1.040877,2.391967,0.018821,2.257239,0.024085,1.740138,0.028757,7.821760,0.022546,0.101295,982957.000000,16.294253,21.872994,-0.071163
29,5300,5,2,172,685.250000,1.061814,2.729927,0.018335,2.656721,0.020493,2.103928,0.022026,9.106452,0.018919,0.081946,1103834.000000,16.868999,21.923233,-0.037709
29,5300,5,2,173,692.383333,1.053476,3.106042,0.016975,3.033974,0.017431,2.401279,0.017359,10.279736,0.016000,0.068544,1258308.000000,17.422072,21.912663,-0.030646
