fov,line,cellID,parentID,frame,tTrans,w,L,growthRateL2_0,area,growthRatearea2_0,V,growthRateV2_0,SA,growthRateSA2_0,beta2SA_V_2_0,Itot,xCM,yCM,orientation
29,2406,3,1,227,1077.566667,1.214672,2.417981,0.027076,2.620425,0.026455,2.332767,0.024580,9.227028,0.022849,0.090377,995967.000000,16.652159,9.312127,-0.037539
29,2406,3,1,228,1084.700000,1.183973,2.885002,0.024885,3.114938,0.024355,2.741783,0.022852,10.730944,0.021634,0.084671,1186578.000000,17.315385,9.312106,0.004178
29,2406,3,1,229,1091.833333,1.159511,3.442226,0.022693,3.702774,0.022255,3.226662,0.021066,12.539034,0.020215,0.078555,1477564.000000,17.806424,9.288153,-0.002742
