fov,line,cellID,parentID,frame,tTrans,w,L,growthRateL2_0,area,growthRatearea2_0,V,growthRateV2_0,SA,growthRateSA2_0,beta2SA_V_2_0,Itot,xCM,yCM,orientation
29,8674,4,2,52,-170.883333,0.952146,1.816780,0.010157,1.535286,0.004753,1.067614,-0.001131,5.434454,0.002691,0.013696,311289.000000,14.654578,16.222568,0.079855
29,8674,4,2,53,-163.750000,0.904866,1.948409,0.012459,1.587338,0.009582,1.059001,0.005931,5.538785,0.007625,0.039872,360807.000000,16.869130,16.114508,-0.114270
29,8674,4,2,54,-156.616667,0.888364,2.163118,0.015051,1.752275,0.014242,1.157219,0.012825,6.037001,0.012546,0.065512,346322.000000,15.182925,16.013083,-0.251381
29,8674,4,2,55,-149.466667,0.873200,2.413436,0.014601,1.943784,0.014486,1.270980,0.013862,6.620634,0.013116,0.068303,449115.000000,15.282092,16.051721,-0.242463
29,8674,4,2,56,-142.350000,0.868751,2.665860,0.016266,2.154002,0.018613,1.408566,0.020568,7.275826,0.017448,0.089996,496872.000000,15.680611,16.007145,-0.221618
29,8674,4,2,57,-135.216667,0.885158,3.031355,0.016177,2.515088,0.019347,1.683821,0.022149,8.429614,0.018421,0.092304,538001.000000,16.144454,15.952394,-0.186787
29,8674,4,2,58,-128.066667,0.897707,3.366304,0.013916,2.849012,0.016393,1.941255,0.018547,9.493751,0.015677,0.076827,648971.000000,16.633018,15.931066,-0.149149
