fov,line,cellID,parentID,frame,tTrans,w,L,growthRateL2_0,area,growthRatearea2_0,V,growthRateV2_0,SA,growthRateSA2_0,beta2SA_V_2_0,Itot,xCM,yCM,orientation
29,943,3,1,132,399.916667,1.068080,2.271607,0.021741,2.181440,0.017982,1.716317,0.013278,7.622311,0.015017,0.066644,596110.000000,13.815947,28.028047,-0.008252
29,943,3,1,133,407.050000,1.023727,2.623898,0.019012,2.461249,0.018329,1.878879,0.016859,8.438808,0.016256,0.072960,642711.000000,13.925068,28.111861,0.018941
29,943,3,1,134,414.183333,1.022098,2.983294,0.018024,2.825027,0.019363,2.168229,0.020163,9.579399,0.017923,0.079221,724711.000000,14.125091,28.067978,-0.009427
29,943,3,1,135,421.333333,1.022061,3.391916,0.016988,3.242571,0.020867,2.503332,0.024485,10.891102,0.019853,0.086416,913781.000000,14.407823,28.013734,-0.006760
29,943,3,1,136,428.466667,1.059371,3.806313,0.015262,3.791456,0.020295,3.043730,0.024889,12.667833,0.019662,0.081775,1122189.000000,14.674980,28.004047,-0.016937
29,943,6,3,137,435.600000,1.038137,2.295512,0.023498,2.151773,0.021537,1.650117,0.018573,7.486589,0.018653,0.084708,650764.000000,13.989431,27.997857,-0.020165
29,943,6,3,138,442.733333,1.007408,2.680283,0.021775,2.482346,0.020508,1.868735,0.018416,8.482739,0.018275,0.082938,715451.000000,14.143010,28.056590,0.011929
29,943,6,3,139,449.850000,0.986901,3.127200,0.021313,2.877220,0.021624,2.140528,0.021295,9.695698,0.019946,0.090325,848732.000000,14.390583,28.040591,0.015477
29,943,6,3,140,456.983333,0.985477,3.630052,0.019419,3.368920,0.020461,2.518271,0.021028,11.238528,0.019245,0.085966,980552.000000,14.600900,28.089951,0.004663
