fov,line,cellID,parentID,frame,tTrans,w,L,growthRateL2_0,area,growthRatearea2_0,V,growthRateV2_0,SA,growthRateSA2_0,beta2SA_V_2_0,Itot,xCM,yCM,orientation
29,5709,5,3,70,-42.466667,0.921858,1.821995,0.012870,1.497247,0.010889,1.010990,0.008271,5.276682,0.008933,0.046607,405255.000000,15.954075,9.284517,0.108368
29,5709,5,3,71,-35.333333,0.898149,1.989262,0.013452,1.613540,0.012191,1.070637,0.010299,5.612937,0.010413,0.054569,462535.000000,16.403801,9.191335,0.018073
29,5709,5,3,72,-28.200000,0.882607,2.203751,0.014384,1.777872,0.014982,1.168303,0.015060,6.110543,0.013520,0.070681,486263.000000,14.830607,9.390293,0.022896
29,5709,5,3,73,-21.066667,0.885450,2.441483,0.015320,1.993558,0.017368,1.321646,0.018970,6.791530,0.016137,0.082888,528950.000000,15.182356,9.349423,0.067803
29,5709,5,3,74,-13.933333,0.892365,2.737376,0.016144,2.271847,0.019891,1.525985,0.023321,7.674085,0.018856,0.094898,595613.000000,15.617679,9.141523,-0.149860
29,5709,5,3,75,-6.783333,0.917664,3.072709,0.016410,2.638996,0.021720,1.829946,0.026769,8.858393,0.020892,0.101211,663829.000000,16.142251,9.145193,-0.134382
29,5709,5,3,76,0.350000,0.949843,3.457595,0.015605,3.090558,0.020483,2.225659,0.024925,10.317530,0.019826,0.091868,794672.000000,16.593228,9.117535,-0.093656
