fov,line,cellID,parentID,frame,tTrans,w,L,growthRateL2_0,area,growthRatearea2_0,V,growthRateV2_0,SA,growthRateSA2_0,beta2SA_V_2_0,Itot,xCM,yCM,orientation
29,6137,11,9,148,514.083333,0.939788,2.386594,0.026587,2.053355,0.031159,1.438196,0.034974,7.046250,0.028849,0.141079,626040.000000,14.291772,15.451004,0.006353
29,6137,11,9,149,521.200000,0.952511,2.838161,0.023519,2.508677,0.027367,1.796155,0.030608,8.492919,0.025702,0.121588,835157.000000,14.351150,15.471500,-0.024881
29,6137,11,9,150,528.350000,0.968634,3.338913,0.021512,3.032835,0.025118,2.222522,0.028238,10.160495,0.023844,0.109057,952974.000000,14.557956,15.475496,-0.016209
29,6137,11,9,151,535.466667,0.984640,3.862905,0.019060,3.595511,0.021990,2.691513,0.024485,11.949272,0.021035,0.093212,1104594.000000,14.793602,15.486310,-0.008576
29,6137,13,11,152,542.600000,0.958270,2.154709,0.021279,1.867728,0.028350,1.323638,0.035051,6.486737,0.026528,0.129916,610831.000000,13.923049,15.466295,-0.066620
29,6137,13,11,153,549.733333,0.989425,2.481768,0.019281,2.245437,0.024291,1.654589,0.028742,7.714258,0.022832,0.106500,756416.000000,14.465088,15.495092,0.082468
29,6137,13,11,154,556.883333,1.009657,2.838171,0.018846,2.646812,0.023132,2.002897,0.026945,9.002481,0.021812,0.098087,808066.000000,14.371295,15.517102,-0.024364
29,6137,13,11,155,564.016667,1.031597,3.245755,0.018274,3.119933,0.021731,2.425441,0.024724,10.519027,0.020570,0.089148,902059.000000,14.451305,15.500852,-0.026534
29,6137,13,11,156,571.150000,1.044459,3.684384,0.016689,3.614079,0.019167,2.858436,0.021235,12.089435,0.018210,0.076964,1097781.000000,14.730583,15.520695,-0.013264
