fov,line,cellID,parentID,frame,tTrans,w,L,growthRateL2_0,area,growthRatearea2_0,V,growthRateV2_0,SA,growthRateSA2_0,beta2SA_V_2_0,Itot,xCM,yCM,orientation
29,2674,2,1,63,-92.400000,0.815325,2.434127,0.015605,1.841946,0.014909,1.128957,0.013709,6.234816,0.013577,0.074840,437742.000000,14.875813,3.149941,0.218644
29,2674,2,1,64,-85.283333,0.804732,2.704453,0.014675,2.037385,0.014613,1.239101,0.014130,6.837235,0.013525,0.074576,478019.000000,15.087501,3.163625,0.217711
29,2674,2,1,65,-78.150000,0.801432,2.999690,0.014551,2.266211,0.014950,1.378450,0.014989,7.552539,0.014033,0.076923,501852.000000,15.422131,3.093238,0.180938
29,2674,2,1,66,-71.016667,0.798779,3.327156,0.014349,2.520737,0.015569,1.533882,0.016497,8.349294,0.014805,0.080626,525815.000000,15.583710,3.090292,0.177025
29,2674,2,1,67,-63.883333,0.805641,3.680799,0.013469,2.826115,0.015148,1.739460,0.016568,9.316091,0.014548,0.077953,593609.000000,16.152609,3.012061,0.152195
