fov,line,cellID,parentID,frame,tTrans,w,L,growthRateL2_0,area,growthRatearea2_0,V,growthRateV2_0,SA,growthRateSA2_0,beta2SA_V_2_0,Itot,xCM,yCM,orientation
29,8306,2,1,31,-320.733333,0.954396,1.916027,0.016323,1.633173,0.013532,1.143128,0.009962,5.744865,0.011102,0.055915,397910.000000,16.389882,29.202266,0.022330
29,8306,2,1,32,-313.583333,0.922495,2.139641,0.016548,1.791184,0.013866,1.224553,0.010426,6.200905,0.011696,0.059282,443294.000000,16.971155,29.200016,0.001962
29,8306,2,1,33,-306.450000,0.891243,2.421762,0.016573,1.987917,0.015174,1.325488,0.013110,6.780745,0.013446,0.068774,488575.000000,16.880454,29.074464,0.165405
29,8306,2,1,34,-299.316667,0.880403,2.712237,0.012139,2.221522,0.009766,1.472473,0.007028,7.501688,0.008611,0.043860,646328.000000,15.876317,22.779646,0.132184
29,8306,2,1,35,-292.183333,0.847912,2.891476,0.009439,2.297429,0.007105,1.473123,0.004367,7.702300,0.006233,0.032582,677151.000000,16.164053,22.757514,0.131822
29,8306,2,1,36,-285.050000,0.840162,3.101626,0.007163,2.454386,0.005899,1.564253,0.004432,8.186575,0.005345,0.027970,782173.000000,16.603220,22.739782,0.113205
29,8306,2,1,37,-277.916667,0.826083,3.208445,0.002427,2.503995,0.000121,1.572034,-0.002290,8.326610,-0.000177,-0.000937,442661.000000,15.950550,16.435100,-0.132918
29,8306,2,1,38,-270.783333,0.809024,3.212726,0.000187,2.458713,-0.002582,1.512902,-0.005479,8.165545,-0.002765,-0.014922,487605.000000,16.471986,16.435033,0.094170
