fov,line,cellID,parentID,frame,tTrans,w,L,growthRateL2_0,area,growthRatearea2_0,V,growthRateV2_0,SA,growthRateSA2_0,beta2SA_V_2_0,Itot,xCM,yCM,orientation
29,6940,5,3,60,-113.816667,0.857496,1.952104,0.009048,1.516126,-0.001680,0.962278,-0.012305,5.258782,-0.003679,-0.020155,413779.000000,15.956223,34.711034,0.154366
29,6940,5,3,61,-106.666667,0.784207,2.078395,0.009905,1.497916,0.003416,0.877616,-0.004083,5.120456,0.001730,0.010093,334716.000000,14.783878,34.862629,0.240162
29,6940,5,3,62,-99.550000,0.763260,2.245817,0.010483,1.589122,0.008437,0.911156,0.005972,5.385136,0.007357,0.043487,380025.000000,15.025300,34.755908,0.236376
29,6940,5,3,63,-92.400000,0.749627,2.414266,0.011763,1.689205,0.013001,0.955248,0.013953,5.685651,0.012157,0.072373,439434.000000,15.213212,34.748143,0.207137
29,6940,5,3,64,-85.283333,0.765014,2.650986,0.013502,1.902447,0.016975,1.101317,0.020178,6.371280,0.016265,0.094000,491872.000000,15.489178,34.758946,0.176148
29,6940,5,3,65,-78.150000,0.779613,2.924326,0.013900,2.149408,0.017461,1.271910,0.020775,7.162337,0.016788,0.094553,525197.000000,15.950527,34.670199,0.127576
29,6940,5,3,66,-71.016667,0.796707,3.230916,0.015384,2.437875,0.017387,1.478299,0.019043,8.086749,0.016612,0.090889,567666.000000,16.475084,34.664917,0.121964
29,6940,5,3,67,-63.883333,0.795367,3.633424,0.015530,2.754147,0.016098,1.673540,0.016355,9.078907,0.015320,0.083124,687302.000000,16.896362,34.594511,0.099842
