fov,line,cellID,parentID,frame,tTrans,w,L,growthRateL2_0,area,growthRatearea2_0,V,growthRateV2_0,SA,growthRateSA2_0,beta2SA_V_2_0,Itot,xCM,yCM,orientation
35,3,29,23,22,-383.800000,1.043883,1.981788,0.017804,1.834905,0.023874,1.398297,0.029535,6.499184,0.022036,0.102450,562493.000000,18.887876,17.236002,0.043973
35,3,29,23,23,-376.666667,1.071842,2.233482,0.017194,2.147396,0.020495,1.692899,0.023125,7.520787,0.018743,0.083288,701912.000000,19.679907,17.228077,0.009208
35,3,29,23,24,-369.533333,1.070850,2.529657,0.017298,2.462795,0.019498,1.956808,0.021112,8.510206,0.017807,0.077463,891265.000000,20.172939,17.178700,0.042721
35,3,29,23,25,-362.400000,1.078506,2.857761,0.017989,2.832492,0.019138,2.282297,0.019685,9.682739,0.017544,0.074451,964985.000000,21.238505,17.142266,0.069132
35,3,29,23,26,-355.266667,1.066569,3.263088,0.018359,3.236185,0.018122,2.597751,0.017314,10.933716,0.016610,0.069848,1051045.000000,22.381939,17.054533,0.033701
35,3,29,23,27,-348.150000,1.052388,3.711442,0.018200,3.668202,0.018297,2.923242,0.017901,12.270679,0.017032,0.071514,1126545.000000,23.522768,17.065127,0.039444
35,3,29,23,28,-341.000000,1.047931,4.226798,0.018585,4.193727,0.018477,3.344306,0.017934,13.915352,0.017374,0.072314,1195619.000000,25.033103,17.024772,-0.002515
35,3,29,23,29,-333.883333,1.035525,4.832154,0.017603,4.773695,0.017072,3.778896,0.016160,15.719949,0.016131,0.066964,1361688.000000,26.116916,17.029168,0.003799
