fov,line,cellID,parentID,frame,tTrans,w,L,growthRateL2_0,area,growthRatearea2_0,V,growthRateV2_0,SA,growthRateSA2_0,beta2SA_V_2_0,Itot,xCM,yCM,orientation
1,9306,6,3,124,337.383333,1.113380,2.895898,0.027454,2.958212,0.031349,2.458096,0.034425,10.129235,0.028973,0.119475,2556641.000000,18.857800,5.319932,-0.028349
1,9306,6,3,125,344.516667,1.123467,3.463034,0.025585,3.619739,0.028328,3.061714,0.030363,12.222696,0.026486,0.105810,2842781.000000,20.181299,5.227618,-0.041129
1,9306,6,3,126,351.650000,1.128464,4.159970,0.026233,4.421097,0.028626,3.784386,0.030407,14.747823,0.027049,0.105362,3832715.000000,22.040745,5.076259,-0.062778
1,9306,6,3,127,358.766667,1.135891,5.018140,0.024030,5.423170,0.025964,4.701488,0.027410,17.907267,0.024792,0.094273,4595563.000000,24.319028,4.989635,-0.054516
1,9306,11,1,127,358.766667,1.103338,2.594079,0.028141,2.600899,0.025933,2.128582,0.022602,8.991694,0.022760,0.095897,2041009.000000,15.320616,5.563441,-0.114328
1,9306,11,1,128,365.866667,1.068202,3.112387,0.025544,3.079785,0.024463,2.470165,0.022499,10.444718,0.022134,0.093569,2402605.000000,16.117172,5.524168,-0.058341
1,9306,11,1,129,373.000000,1.049357,3.725666,0.025623,3.673245,0.024907,2.919601,0.023491,12.282226,0.023101,0.097273,2825037.000000,17.095974,5.434947,-0.074984
1,9306,11,1,130,380.116667,1.031054,4.472752,0.023470,4.383511,0.022768,3.447502,0.021516,14.487920,0.021393,0.089880,3430023.000000,18.080301,5.408236,-0.048736
