fov,line,cellID,parentID,frame,tTrans,w,L,growthRateL2_0,area,growthRatearea2_0,V,growthRateV2_0,SA,growthRateSA2_0,beta2SA_V_2_0,Itot,xCM,yCM,orientation
1,3,56,51,52,-176.116667,0.882270,2.875892,0.015695,2.370268,0.017403,1.578397,0.018710,7.971208,0.016333,0.082696,984501.000000,15.385124,18.035349,-0.002532
1,3,56,51,53,-168.966667,0.885886,3.198631,0.014740,2.665204,0.016452,1.789546,0.017825,8.902088,0.015570,0.077470,1130561.000000,15.817227,17.995491,-0.033416
1,3,56,51,54,-161.850000,0.892408,3.548544,0.014597,2.995841,0.016451,2.033496,0.018001,9.948632,0.015679,0.076633,1311040.000000,16.287370,17.940611,-0.042620
1,3,56,51,55,-154.716667,0.899510,3.936737,0.014208,3.367495,0.016039,2.311176,0.017601,11.124799,0.015365,0.073976,1522256.000000,16.712846,17.888639,-0.035884
1,3,56,51,56,-147.583333,0.907157,4.346532,0.013217,3.766385,0.014847,2.613857,0.016233,12.387262,0.014287,0.067724,1685107.000000,17.289655,17.789443,-0.018745
