fov,line,cellID,parentID,frame,tTrans,w,L,growthRateL2_0,area,growthRatearea2_0,V,growthRateV2_0,SA,growthRateSA2_0,beta2SA_V_2_0,Itot,xCM,yCM,orientation
3,7518,28,24,109,230.800000,1.088428,3.573854,0.024779,3.635648,0.020982,2.987688,0.016505,12.220421,0.018977,0.077749,2864601.000000,24.149096,50.359045,-0.004513
3,7518,28,24,110,237.933333,1.050150,4.205548,0.022975,4.179790,0.021067,3.339435,0.018523,13.874707,0.019546,0.081247,3330318.000000,24.832608,50.334199,-0.055492
3,7518,28,24,111,245.050000,1.034194,4.950702,0.022775,4.890459,0.022890,3.869149,0.022544,16.084918,0.021759,0.090392,3762733.000000,26.782475,50.186978,-0.089681
3,7518,28,24,112,252.166667,1.032990,5.810411,0.020791,5.773102,0.021483,4.580979,0.021834,18.856145,0.020651,0.084944,4554622.000000,27.736624,50.116328,-0.071205
