fov,line,cellID,parentID,frame,tTrans,w,L,growthRateL2_0,area,growthRatearea2_0,V,growthRateV2_0,SA,growthRateSA2_0,beta2SA_V_2_0,Itot,xCM,yCM,orientation
2,1,82,76,54,-161.650000,0.835159,2.316260,0.031072,1.784762,0.049603,1.116362,0.069474,6.077237,0.048018,0.260973,853150.000000,23.827757,7.901529,0.037524
2,1,82,76,55,-154.533333,0.917640,2.828453,0.026215,2.414794,0.039005,1.668317,0.051449,8.154012,0.037922,0.185258,1289713.000000,20.964772,14.468965,0.037334
2,1,82,76,56,-147.400000,0.989371,3.372864,0.021947,3.126949,0.031082,2.339487,0.039754,10.483537,0.030188,0.135372,1527233.000000,22.443315,14.340854,0.010546
2,1,82,76,57,-140.266667,1.038148,3.884516,0.018465,3.801416,0.024873,2.995186,0.030689,12.669113,0.024184,0.102366,1868399.000000,24.201995,14.166107,0.003764
