fov,line,cellID,parentID,frame,tTrans,w,L,growthRateL2_0,area,growthRatearea2_0,V,growthRateV2_0,SA,growthRateSA2_0,beta2SA_V_2_0,Itot,xCM,yCM,orientation
3,3,56,43,48,-204.283333,0.905343,3.828041,0.012388,3.289791,0.012192,2.270023,0.011713,10.887783,0.011489,0.055248,1502403.000000,17.591744,18.969550,-0.039215
3,3,56,43,49,-197.133333,0.899997,4.167109,0.012518,3.576561,0.012920,2.460135,0.013072,11.782189,0.012296,0.058903,1619536.000000,17.865159,18.938575,-0.055369
3,3,56,43,50,-190.016667,0.901871,4.572274,0.013328,3.949052,0.014378,2.728819,0.015198,12.954680,0.013808,0.065492,1809811.000000,18.305759,18.909540,-0.067540
3,3,56,43,51,-182.883333,0.905924,5.035500,0.012896,4.385659,0.013956,3.051115,0.014808,14.331263,0.013466,0.063263,2215359.000000,18.861675,18.839083,-0.036753
