fov,line,cellID,parentID,frame,tTrans,w,L,growthRateL2_0,area,growthRatearea2_0,V,growthRateV2_0,SA,growthRateSA2_0,beta2SA_V_2_0,Itot,xCM,yCM,orientation
8,114,7,3,55,-153.416667,0.708372,2.184971,0.015454,1.440087,0.021479,0.768051,0.027405,4.862469,0.020646,0.130675,654855.000000,16.798848,4.134838,-0.168822
8,114,7,3,56,-146.283333,0.732001,2.425843,0.015087,1.660731,0.021333,0.918199,0.027423,5.578588,0.020659,0.125484,820604.000000,16.962397,4.140976,-0.066080
8,114,7,3,57,-139.150000,0.765078,2.707096,0.015320,1.945524,0.022326,1.127287,0.029171,6.506679,0.021744,0.125623,898445.000000,17.577665,4.055263,-0.060935
8,114,7,3,58,-132.000000,0.801460,3.018216,0.015404,2.281133,0.020735,1.387887,0.025728,7.599449,0.020098,0.110020,1075518.000000,18.142934,4.078694,-0.063841
8,114,7,3,59,-124.883333,0.820298,3.370406,0.015441,2.620333,0.020022,1.636705,0.024399,8.685676,0.019380,0.102700,1178534.000000,18.883550,3.948370,-0.062965
8,114,7,3,60,-117.750000,0.846450,3.759825,0.015116,3.028746,0.018621,1.956957,0.021828,9.998129,0.018011,0.092102,1384489.000000,19.483728,3.917469,-0.053999
8,114,7,3,61,-110.600000,0.856844,4.182152,0.014124,3.425894,0.016213,2.246839,0.018044,11.257741,0.015649,0.078571,1549228.000000,20.161219,3.837208,-0.065074
