fov,line,cellID,parentID,frame,tTrans,w,L,growthRateL2_0,area,growthRatearea2_0,V,growthRateV2_0,SA,growthRateSA2_0,beta2SA_V_2_0,Itot,xCM,yCM,orientation
1,9380,6,4,92,109.166667,1.039026,3.115652,0.024735,3.005565,0.026869,2.348088,0.028294,10.170100,0.024976,0.108302,2550181.000000,16.087504,17.868482,-0.042326
1,9380,6,4,93,116.300000,1.040542,3.665391,0.022907,3.581637,0.024737,2.821997,0.026001,11.982011,0.023272,0.098810,2848629.000000,17.134682,17.890385,-0.053265
1,9380,6,4,94,123.416667,1.044043,4.312128,0.021075,4.268125,0.022601,3.393693,0.023671,14.143596,0.021475,0.089395,3855753.000000,17.692368,17.835380,-0.046484
1,9380,11,5,96,137.700000,1.066237,2.971539,0.028034,2.924393,0.030895,2.335911,0.032913,9.953713,0.028587,0.121617,2316009.000000,12.966388,18.181510,-0.057310
1,9380,11,5,97,144.816667,1.069738,3.564387,0.025296,3.567384,0.026616,2.883058,0.027249,11.978773,0.024864,0.103260,3102475.000000,13.161816,18.110955,-0.076038
1,9380,11,5,98,151.950000,1.061779,4.256408,0.024346,4.277428,0.023357,3.455405,0.021800,14.198002,0.021868,0.089918,3725623.000000,13.517205,18.124399,-0.082904
1,9380,11,5,99,159.083333,1.035720,5.042820,0.021862,4.992742,0.020085,3.957753,0.017794,16.408378,0.018885,0.078348,4252918.000000,13.964818,18.107646,-0.074439
