fov,line,cellID,parentID,frame,tTrans,w,L,growthRateL2_0,area,growthRatearea2_0,V,growthRateV2_0,SA,growthRateSA2_0,beta2SA_V_2_0,Itot,xCM,yCM,orientation
14,7859,31,29,118,297.016667,0.987268,2.266544,0.027127,2.028514,0.033162,1.483172,0.038459,7.029899,0.030615,0.144864,1650426.000000,17.555252,6.636492,-0.013975
14,7859,31,29,119,304.133333,1.007806,2.704110,0.022259,2.507253,0.025124,1.889111,0.027272,8.561525,0.023323,0.105647,2320020.000000,18.614260,6.511368,0.045848
14,7859,31,29,120,311.266667,1.006131,3.124258,0.020612,2.926171,0.022757,2.217322,0.024351,9.875320,0.021257,0.094736,2573089.000000,19.595002,6.506731,0.040951
14,7859,31,29,121,318.400000,1.015364,3.622853,0.018925,3.457268,0.019740,2.659434,0.020069,11.556394,0.018530,0.080573,2993168.000000,20.986335,6.360309,0.018704
14,7859,31,29,122,325.533333,1.003267,4.102441,0.017895,3.899839,0.017819,2.978765,0.017320,12.930309,0.016759,0.072712,3412711.000000,22.596617,6.319725,0.007804
14,7859,31,29,123,332.650000,0.998379,4.669014,0.017051,4.447538,0.017304,3.394627,0.017214,14.644361,0.016447,0.070832,3879873.000000,24.864333,6.140639,-0.013347
14,7859,42,35,125,346.916667,1.102601,3.907465,0.027868,4.047478,0.024155,3.380038,0.019735,13.535160,0.022122,0.088689,3795837.000000,17.508337,6.707496,-0.045765
14,7859,42,35,126,354.050000,1.064903,4.684225,0.025587,4.744883,0.022406,3.855878,0.018615,15.671034,0.020853,0.084751,4360961.000000,19.007657,6.593073,-0.063433
14,7859,42,35,127,361.166667,1.031211,5.615398,0.023301,5.562455,0.020653,4.402838,0.017456,18.191902,0.019471,0.080359,5119675.000000,20.236566,6.522363,-0.053386
