fov,line,cellID,parentID,frame,tTrans,w,L,growthRateL2_0,area,growthRatearea2_0,V,growthRateV2_0,SA,growthRateSA2_0,beta2SA_V_2_0,Itot,xCM,yCM,orientation
13,8129,5,1,115,275.416667,0.663328,1.021197,0.008410,0.582963,0.027668,0.276493,0.050131,2.128079,0.029860,0.230089,14820.000000,28.120089,0.714426,0.145146
13,8129,5,1,116,282.566667,0.759288,1.082605,0.008181,0.698287,0.025413,0.375599,0.043586,2.582417,0.027394,0.188350,29623.000000,27.758847,1.460105,1.100568
13,8129,5,1,117,289.700000,0.870456,1.147706,0.007952,0.836425,0.023152,0.510323,0.037009,3.138537,0.024840,0.152589,26040.000000,28.167183,0.688700,-0.327678
