fov,line,cellID,parentID,frame,tTrans,w,L,growthRateL2_0,area,growthRatearea2_0,V,growthRateV2_0,SA,growthRateSA2_0,beta2SA_V_2_0,Itot,xCM,yCM,orientation
13,8514,5,1,95,132.800000,1.017940,2.857585,0.024566,2.686480,0.027564,2.049448,0.029853,9.138423,0.025590,0.113893,2114167.000000,18.002136,6.341222,-0.116890
13,8514,5,1,96,139.916667,1.024254,3.357180,0.022837,3.213467,0.025090,2.484863,0.026745,10.802698,0.023541,0.102270,2607522.000000,19.169168,6.270998,-0.044242
13,8514,5,1,97,147.050000,1.028413,3.950123,0.022901,3.835389,0.024932,2.996469,0.026447,12.762279,0.023615,0.100627,3026124.000000,20.172228,6.184232,-0.035866
13,8514,5,1,98,154.183333,1.034310,4.647792,0.023150,4.577676,0.024894,3.615468,0.026180,15.102440,0.023765,0.099317,3626899.000000,21.510121,6.109392,-0.034913
13,8514,5,1,99,161.316667,1.037751,5.485179,0.021401,5.461141,0.022678,4.346876,0.023588,17.882737,0.021795,0.089707,4315190.000000,23.233815,6.065653,-0.043659
