fov,line,cellID,parentID,frame,tTrans,w,L,growthRateL2_0,area,growthRatearea2_0,V,growthRateV2_0,SA,growthRateSA2_0,beta2SA_V_2_0,Itot,xCM,yCM,orientation
11,2655,22,19,147,503.250000,1.129973,2.329992,0.012411,2.358817,0.010605,1.958858,0.008207,8.271276,0.008823,0.037281,2290697.000000,18.248354,6.541082,-0.085910
11,2655,22,19,148,510.383333,1.103406,2.536266,0.011802,2.537252,0.010741,2.073542,0.009144,8.791845,0.009248,0.039238,2653376.000000,18.862842,6.511865,0.003185
11,2655,22,19,149,517.516667,1.088869,2.757040,0.010790,2.747616,0.010005,2.229361,0.008796,9.431235,0.008824,0.037313,2668064.000000,19.327019,6.456967,0.007874
11,2655,22,19,150,524.633333,1.072918,2.960176,0.009643,2.928987,0.008701,2.352989,0.007383,9.977782,0.007697,0.032585,2875890.000000,19.761325,6.528504,-0.035409
11,2655,23,19,147,503.250000,1.063700,2.321898,0.014524,2.226990,0.016523,1.748259,0.017994,7.759114,0.014979,0.066528,2014828.000000,20.428351,6.363301,-0.006688
11,2655,23,19,148,510.383333,1.066830,2.562460,0.013381,2.489465,0.015385,1.972663,0.016952,8.588199,0.014140,0.061605,2480794.000000,21.332887,6.323753,-0.073668
11,2655,23,19,149,517.516667,1.074786,2.811063,0.012456,2.773392,0.014315,2.225341,0.015790,9.491669,0.013278,0.056607,2752669.000000,21.963445,6.229164,-0.039497
11,2655,23,19,150,524.633333,1.079679,3.061434,0.011492,3.055203,0.012961,2.473379,0.014091,10.384111,0.012076,0.050618,2978999.000000,22.577720,6.303204,0.002605
