fov,line,cellID,parentID,frame,tTrans,w,L,growthRateL2_0,area,growthRatearea2_0,V,growthRateV2_0,SA,growthRateSA2_0,beta2SA_V_2_0,Itot,xCM,yCM,orientation
29,8657,8,2,99,164.283333,1.144243,2.327120,0.017904,2.381814,0.014609,2.000800,0.010483,8.365405,0.011979,0.050087,1955301.000000,16.792548,48.857930,-0.060740
29,8657,8,2,100,171.416667,1.101363,2.624327,0.016742,2.630024,0.015476,2.150413,0.013453,9.080259,0.013441,0.056757,1943513.000000,17.206433,48.828646,-0.055879
29,8657,8,2,101,178.550000,1.089065,2.953954,0.016892,2.962517,0.017985,2.413535,0.018533,10.106655,0.016477,0.068996,2244630.000000,17.611026,48.801009,-0.065346
29,8657,8,2,102,185.683333,1.093028,3.336198,0.016062,3.390171,0.017684,2.788561,0.018853,11.455999,0.016512,0.067834,2652891.000000,17.918887,48.793698,-0.061586
