fov,line,cellID,parentID,frame,tTrans,w,L,growthRateL2_0,area,growthRatearea2_0,V,growthRateV2_0,SA,growthRateSA2_0,beta2SA_V_2_0,Itot,xCM,yCM,orientation
21,9558,6,1,99,162.800000,0.986339,2.972934,0.023745,2.723541,0.034527,2.020360,0.045502,9.212154,0.033261,0.151660,2255059.000000,18.091728,50.681149,-0.006991
21,9558,6,1,100,169.933333,1.043593,3.476499,0.021766,3.394330,0.029285,2.676129,0.036348,11.397856,0.028239,0.120271,2993280.000000,18.826468,50.674854,-0.090133
21,9558,6,1,101,177.066667,1.084267,4.052470,0.021496,4.141666,0.026358,3.408098,0.030740,13.804031,0.025294,0.102450,3637036.000000,19.710555,50.583462,-0.089141
21,9558,6,1,102,184.200000,1.104753,4.719308,0.019808,4.951751,0.022934,4.170755,0.025634,16.379220,0.022041,0.086557,4372261.000000,20.722877,50.552475,-0.075085
