fov,line,cellID,parentID,frame,tTrans,w,L,growthRateL2_0,area,growthRatearea2_0,V,growthRateV2_0,SA,growthRateSA2_0,beta2SA_V_2_0,Itot,xCM,yCM,orientation
22,2211,24,18,148,512.416667,1.138105,3.465327,0.028270,3.665935,0.028299,3.139384,0.027455,12.390141,0.026045,0.102790,3558886.000000,17.915328,5.902631,-0.060593
22,2211,24,18,149,519.550000,1.123070,4.164144,0.023526,4.405952,0.023546,3.754211,0.022958,14.692057,0.021964,0.085956,4466418.000000,19.014105,5.820802,-0.040265
22,2211,33,23,151,533.800000,0.984705,3.174555,0.031012,2.917912,0.036257,2.167632,0.040834,9.820617,0.034194,0.154918,2789661.000000,14.811372,6.125078,-0.021571
22,2211,33,23,152,540.933333,1.003006,3.876832,0.031726,3.672591,0.036407,2.799021,0.040453,12.216035,0.034696,0.151429,3381334.000000,15.162614,6.037045,-0.066635
22,2211,33,23,153,548.066667,1.024644,4.929326,0.036717,4.825497,0.041601,3.783020,0.045886,15.867577,0.040024,0.167877,4271677.000000,15.495029,6.035116,-0.063280
22,2211,33,23,154,555.200000,1.048549,6.458953,0.033199,6.536583,0.036697,5.275559,0.039661,21.276526,0.035639,0.143731,6222727.000000,15.734298,6.063219,-0.050378
22,2211,36,33,155,562.333333,1.137649,3.318089,0.030278,3.497073,0.031226,2.987357,0.031220,11.858947,0.028744,0.114105,3545154.000000,18.471264,5.904993,-0.062583
22,2211,36,33,156,569.466667,1.127409,4.034748,0.027589,4.276040,0.028382,3.652654,0.028463,14.290509,0.026553,0.103885,4283001.000000,19.382509,5.822244,-0.072113
22,2211,36,33,157,576.600000,1.120628,4.906195,0.024900,5.228522,0.025538,4.470596,0.025649,17.272542,0.024203,0.093509,5236174.000000,20.850668,5.802713,-0.059755
