fov,line,cellID,parentID,frame,tTrans,w,L,growthRateL2_0,area,growthRatearea2_0,V,growthRateV2_0,SA,growthRateSA2_0,beta2SA_V_2_0,Itot,xCM,yCM,orientation
22,5,80,70,44,-229.283333,0.769984,4.246140,0.016792,3.142230,0.019301,1.857676,0.021591,10.271318,0.018682,0.103296,1395912.000000,18.588609,30.897768,0.025240
22,5,80,70,45,-222.150000,0.779257,4.754749,0.014996,3.574855,0.016965,2.143781,0.018709,11.640136,0.016485,0.089510,1595767.000000,19.321195,30.881495,0.004023
