fov,line,cellID,parentID,frame,tTrans,w,L,growthRateL2_0,area,growthRatearea2_0,V,growthRateV2_0,SA,growthRateSA2_0,beta2SA_V_2_0,Itot,xCM,yCM,orientation
23,3191,7,1,139,448.400000,1.114089,2.652669,0.025621,2.688947,0.028064,2.223890,0.029597,9.284380,0.025519,0.106463,2361825.000000,17.365997,7.056854,0.008863
23,3191,7,1,140,455.533333,1.113403,3.137483,0.023702,3.227247,0.025881,2.693403,0.027343,10.974469,0.023938,0.097470,2903906.000000,18.315733,7.039267,-0.069198
23,3191,7,1,141,462.666667,1.117058,3.713624,0.023465,3.880549,0.025305,3.274561,0.026525,13.032374,0.023706,0.094390,3444964.000000,19.341684,6.959388,-0.036676
23,3191,7,1,142,469.816667,1.117694,4.382146,0.021336,4.629810,0.022634,3.934004,0.023444,15.387203,0.021404,0.083855,4304372.000000,20.914238,6.892664,-0.052620
