fov,line,cellID,parentID,frame,tTrans,w,L,growthRateL2_0,area,growthRatearea2_0,V,growthRateV2_0,SA,growthRateSA2_0,beta2SA_V_2_0,Itot,xCM,yCM,orientation
28,3945,10,4,158,584.850000,1.024388,3.118388,0.025323,2.969241,0.028554,2.288667,0.031121,10.035622,0.026707,0.117243,2549501.000000,13.697407,4.296317,-0.100932
28,3945,10,4,159,592.000000,1.032966,3.683010,0.023410,3.575439,0.026164,2.797935,0.028374,11.951949,0.024745,0.105703,3153850.000000,14.177256,4.230858,-0.028718
28,3945,10,4,160,599.133333,1.043499,4.349864,0.021491,4.305399,0.023768,3.422584,0.025585,14.259931,0.022689,0.094423,3824935.000000,14.671392,4.169791,-0.050928
28,3945,11,4,158,584.850000,1.032306,2.978141,0.025580,2.845663,0.027841,2.204598,0.029342,9.658370,0.025797,0.113150,2394040.000000,16.573638,4.121020,-0.029831
28,3945,11,4,159,592.000000,1.033665,3.522825,0.023630,3.412128,0.025560,2.667108,0.026888,11.439865,0.023992,0.102908,2942652.000000,17.673689,4.017856,-0.044368
28,3945,11,4,160,599.133333,1.037220,4.167127,0.021675,4.091355,0.023273,3.228887,0.024390,13.578682,0.022081,0.092752,3551139.000000,18.765192,3.933594,-0.074777
28,3945,12,1,158,584.850000,1.112311,2.920028,0.024718,2.982467,0.024083,2.477173,0.022560,10.203830,0.021699,0.089486,2653974.000000,19.487004,3.938126,-0.003334
28,3945,12,1,159,592.000000,1.091908,3.436097,0.022889,3.496039,0.022341,2.876742,0.021088,11.786943,0.020489,0.083949,3170703.000000,21.101923,3.757091,-0.026783
28,3945,12,1,160,599.133333,1.074838,4.043372,0.021055,4.098046,0.020594,3.343678,0.019577,13.653269,0.019163,0.078156,3660795.000000,22.788156,3.660106,-0.070347
