fov,line,cellID,parentID,frame,tTrans,w,L,growthRateL2_0,area,growthRatearea2_0,V,growthRateV2_0,SA,growthRateSA2_0,beta2SA_V_2_0,Itot,xCM,yCM,orientation
22,2657,11,2,89,91.666667,1.088424,3.012241,0.022722,3.024362,0.023160,2.465124,0.022838,10.300007,0.021156,0.088231,2551911.000000,19.661388,5.404254,-0.122253
22,2657,11,2,90,98.783333,1.077980,3.499344,0.020410,3.522846,0.020920,2.865782,0.020847,11.850785,0.019398,0.080252,2977235.000000,21.286650,5.295329,-0.115151
22,2657,11,2,91,105.933333,1.072264,4.031205,0.019399,4.075777,0.020014,3.317469,0.020153,13.579584,0.018802,0.076997,3417163.000000,23.239378,5.143412,-0.031183
22,2657,11,2,92,113.050000,1.068613,4.615023,0.017776,4.686614,0.018314,3.819620,0.018473,15.493313,0.017356,0.070270,3837129.000000,25.529927,5.040404,-0.085351
