fov,line,cellID,parentID,frame,tTrans,w,L,growthRateL2_0,area,growthRatearea2_0,V,growthRateV2_0,SA,growthRateSA2_0,beta2SA_V_2_0,Itot,xCM,yCM,orientation
29,6,57,51,42,-242.250000,1.019046,1.695515,0.022395,1.504954,0.019981,1.105818,0.016332,5.428068,0.016012,0.078598,716692.000000,19.351500,48.847583,-0.148278
29,6,57,51,43,-235.116667,0.979042,1.966370,0.024740,1.719457,0.024626,1.234645,0.023330,6.048062,0.021180,0.103751,887660.000000,19.893148,48.874291,-0.161950
29,6,57,51,44,-227.983333,0.966498,2.389571,0.026786,2.109053,0.028901,1.516762,0.030090,7.255559,0.026266,0.125648,1035034.000000,20.428315,48.794731,-0.128440
29,6,57,51,45,-220.850000,0.969122,2.879528,0.028133,2.589060,0.031993,1.885777,0.035126,8.766972,0.029900,0.139007,1327040.000000,21.068446,48.693127,-0.139161
29,6,57,51,46,-213.716667,0.987201,3.545315,0.032149,3.290794,0.037221,2.461786,0.041620,10.995377,0.035354,0.157907,2132488.000000,20.423899,42.341253,0.029403
29,6,57,51,47,-206.583333,1.011171,4.505610,0.029878,4.336518,0.033805,3.347527,0.037093,14.312910,0.032493,0.138931,2633380.000000,21.189228,42.250011,0.006931
