fov,line,cellID,parentID,frame,tTrans,w,L,growthRateL2_0,area,growthRatearea2_0,V,growthRateV2_0,SA,growthRateSA2_0,beta2SA_V_2_0,Itot,xCM,yCM,orientation
32,7815,34,28,78,15.033333,0.991252,5.882001,0.018905,5.619681,0.017663,4.284250,0.016115,18.317195,0.016898,0.072414,2252974.000000,24.343637,48.659690,-0.089586
32,7815,34,28,79,22.183333,0.978718,6.677077,0.017821,6.329410,0.016712,4.777888,0.015339,20.530228,0.016077,0.069082,2286099.000000,25.643697,48.574587,-0.035299
32,7815,34,28,80,29.300000,0.966993,7.579625,0.016732,7.128773,0.015756,5.329801,0.014551,23.026122,0.015231,0.065648,2982647.000000,27.065728,48.421404,-0.064625
