fov,line,cellID,parentID,frame,tTrans,w,L,growthRateL2_0,area,growthRatearea2_0,V,growthRateV2_0,SA,growthRateSA2_0,beta2SA_V_2_0,Itot,xCM,yCM,orientation
35,2529,10,5,155,564.750000,1.123244,2.347669,0.017274,2.366248,0.018938,1.955336,0.019909,8.284400,0.016931,0.071698,2225489.000000,17.385944,5.429901,-0.058808
35,2529,10,5,156,571.883333,1.120796,2.636949,0.016260,2.685903,0.017130,2.233032,0.017390,9.284922,0.015427,0.064114,2566460.000000,18.254742,5.385637,-0.078417
35,2529,10,5,157,579.016667,1.110861,2.959387,0.016208,3.022647,0.016597,2.509334,0.016427,10.327887,0.015077,0.062023,2809107.000000,19.181011,5.288988,-0.061109
35,2529,10,5,158,586.150000,1.102774,3.321251,0.016023,3.401610,0.015879,2.821133,0.015233,11.506366,0.014545,0.059365,3234928.000000,20.332396,5.214073,-0.058816
35,2529,10,5,159,593.300000,1.088414,3.719515,0.014975,3.794146,0.014470,3.123146,0.013525,12.718340,0.013328,0.054376,3501295.000000,21.800444,5.097568,-0.075388
35,2529,11,5,155,564.750000,1.066030,2.288686,0.017811,2.195930,0.020635,1.725589,0.022829,7.664880,0.018737,0.083229,2080573.000000,19.599076,5.270317,0.029521
35,2529,11,5,156,571.883333,1.072281,2.579465,0.016807,2.519165,0.019311,2.006590,0.021264,8.689367,0.017754,0.076883,2432629.000000,20.750012,5.169881,-0.030848
35,2529,11,5,157,579.016667,1.080217,2.907187,0.015803,2.889980,0.017987,2.334319,0.019682,9.865832,0.016717,0.070652,2549089.000000,21.991962,5.096395,-0.047624
