fov,line,cellID,parentID,frame,tTrans,w,L,growthRateL2_0,area,growthRatearea2_0,V,growthRateV2_0,SA,growthRateSA2_0,beta2SA_V_2_0,Itot,xCM,yCM,orientation
31,8790,3,1,127,364.300000,1.040311,2.996839,0.017810,2.885393,0.021722,2.252546,0.025240,9.794373,0.020457,0.089033,1778946.000000,18.530233,36.188869,-0.070246
31,8790,3,1,128,371.433333,1.057742,3.377569,0.016532,3.332495,0.019359,2.658109,0.021769,11.223639,0.018302,0.077260,2322593.000000,19.325644,36.156257,-0.063312
31,8790,3,1,129,378.550000,1.067732,3.792507,0.015801,3.804723,0.017109,3.077108,0.018020,12.721502,0.016126,0.066653,2509928.000000,19.883672,36.137321,-0.055816
31,8790,3,1,130,385.683333,1.064193,4.231488,0.014543,4.260083,0.014985,3.448255,0.015089,14.146971,0.014125,0.058006,2899977.000000,20.685858,36.066307,-0.066851
