fov,line,cellID,parentID,frame,tTrans,w,L,growthRateL2_0,area,growthRatearea2_0,V,growthRateV2_0,SA,growthRateSA2_0,beta2SA_V_2_0,Itot,xCM,yCM,orientation
33,9182,12,8,97,150.766667,0.869156,2.812361,0.023339,2.282265,0.039601,1.496723,0.057145,7.679253,0.038819,0.198656,1593507.000000,13.979367,30.345035,-0.042866
33,9182,12,8,98,157.883333,0.951268,3.279480,0.021577,2.925470,0.033344,2.105418,0.044833,9.800720,0.032639,0.151899,2015393.000000,14.039156,30.399320,-0.078551
33,9182,12,8,99,165.033333,1.019668,3.821879,0.019461,3.673923,0.028523,2.843383,0.037296,12.242942,0.027863,0.120082,2574029.000000,14.350819,30.391606,-0.095340
33,9182,12,8,100,172.166667,1.075719,4.341824,0.016788,4.422252,0.023722,3.620140,0.030079,14.673071,0.023218,0.094083,3237530.000000,14.741705,30.386422,-0.081472
