fov,line,cellID,parentID,frame,tTrans,w,L,growthRateL2_0,area,growthRatearea2_0,V,growthRateV2_0,SA,growthRateSA2_0,beta2SA_V_2_0,Itot,xCM,yCM,orientation
34,7051,7,5,102,186.616667,1.077127,3.139971,0.019359,3.133165,0.017130,2.534039,0.014265,10.625327,0.015358,0.064397,2208135.000000,18.008589,47.374010,-0.022630
34,7051,7,5,103,193.750000,1.050117,3.573577,0.018344,3.516024,0.017615,2.791890,0.016328,11.789377,0.016213,0.068464,2690216.000000,18.664783,47.360372,-0.062347
34,7051,7,5,104,200.883333,1.042931,4.075221,0.018087,4.016749,0.018654,3.184398,0.018793,13.352311,0.017567,0.073659,3110223.000000,19.346243,47.313463,-0.050421
34,7051,7,5,105,208.016667,1.041660,4.625180,0.016669,4.585008,0.017375,3.645677,0.017738,15.135762,0.016518,0.068579,3728649.000000,20.274289,47.301347,-0.065745
