fov,line,cellID,parentID,frame,tTrans,w,L,growthRateL2_0,area,growthRatearea2_0,V,growthRateV2_0,SA,growthRateSA2_0,beta2SA_V_2_0,Itot,xCM,yCM,orientation
36,167,18,10,44,-226.683333,0.850617,1.966690,0.011378,1.517624,0.012097,0.956490,0.012385,5.255566,0.010891,0.059837,660734.000000,14.364869,49.021791,-0.078070
36,167,18,10,45,-219.550000,0.847885,2.126306,0.012303,1.648584,0.013999,1.040996,0.015313,5.663863,0.012887,0.070025,623276.000000,14.450463,48.844798,-0.108432
36,167,18,10,46,-212.433333,0.856595,2.339454,0.013347,1.846499,0.015229,1.183654,0.016707,6.295638,0.014169,0.075355,894939.000000,14.499344,48.839620,-0.173159
36,167,18,10,47,-205.283333,0.858524,2.571795,0.013833,2.049773,0.018023,1.323120,0.022049,6.936475,0.017177,0.090149,992445.000000,14.512949,48.842945,-0.158026
36,167,18,10,48,-198.150000,0.893978,2.847581,0.014595,2.374165,0.019176,1.600345,0.023382,7.997472,0.018410,0.091996,1093598.000000,14.687152,48.848594,-0.158913
36,167,18,10,49,-191.016667,0.908954,3.164719,0.014128,2.699280,0.018307,1.856961,0.022275,9.037053,0.017595,0.085623,1233134.000000,14.870634,48.879451,-0.157616
36,167,18,10,50,-183.883333,0.937548,3.485451,0.012900,3.079144,0.017294,2.190475,0.021344,10.266029,0.016782,0.078646,1429216.000000,15.041550,48.861513,-0.158119
