fov,line,cellID,parentID,frame,tTrans,w,L,growthRateL2_0,area,growthRatearea2_0,V,growthRateV2_0,SA,growthRateSA2_0,beta2SA_V_2_0,Itot,xCM,yCM,orientation
33,7529,48,44,162,614.333333,1.137408,3.469034,0.023852,3.668077,0.024954,3.139545,0.025347,12.395805,0.023109,0.091347,3495802.000000,15.406823,30.769325,-0.059035
33,7529,48,44,163,621.466667,1.132257,4.059263,0.022144,4.321008,0.023095,3.707194,0.023485,14.439165,0.021652,0.084334,4251384.000000,15.614816,30.716727,-0.057666
33,7529,48,44,164,628.583333,1.129246,4.749915,0.020431,5.090163,0.021233,4.380221,0.021590,16.850945,0.020111,0.077278,5206403.000000,16.005000,30.783541,-0.060264
