fov,line,cellID,parentID,frame,tTrans,w,L,growthRateL2_0,area,growthRatearea2_0,V,growthRateV2_0,SA,growthRateSA2_0,beta2SA_V_2_0,Itot,xCM,yCM,orientation
35,9913,17,14,144,486.300000,1.098246,2.961310,0.023365,2.993406,0.025188,2.458469,0.026257,10.217236,0.023155,0.096230,2173635.000000,15.668266,5.448597,-0.007296
35,9913,17,14,145,493.433333,1.096833,3.454878,0.021696,3.531249,0.023270,2.918948,0.024240,11.904827,0.021679,0.088418,2940893.000000,16.578426,5.421393,-0.024402
35,9913,17,14,146,500.566667,1.097644,4.030711,0.020027,4.165729,0.021352,3.467902,0.022191,13.899305,0.020116,0.080625,3466660.000000,17.429707,5.329461,-0.058970
35,9913,18,15,144,486.300000,1.135021,3.139357,0.022992,3.286771,0.024898,2.793616,0.026086,11.194237,0.022963,0.092013,2534885.000000,18.621938,5.243171,-0.052689
35,9913,18,15,145,493.433333,1.134816,3.654241,0.021372,3.870526,0.023021,3.313452,0.024090,13.027845,0.021501,0.084537,3227502.000000,20.082863,5.132766,-0.045655
35,9913,18,15,146,500.566667,1.136756,4.253570,0.019752,4.557961,0.021143,3.932395,0.022065,15.190456,0.019958,0.077095,3848763.000000,21.469220,5.044926,-0.046373
