fov,line,cellID,parentID,frame,tTrans,w,L,growthRateL2_0,area,growthRatearea2_0,V,growthRateV2_0,SA,growthRateSA2_0,beta2SA_V_2_0,Itot,xCM,yCM,orientation
35,2271,17,5,106,215.333333,0.955050,3.065713,0.024404,2.732167,0.029223,1.968151,0.033550,9.198300,0.027641,0.129183,2060241.000000,12.419086,5.234914,-0.051496
35,2271,17,5,107,222.466667,0.973834,3.599399,0.022978,3.301699,0.028018,2.439175,0.032670,11.011966,0.026816,0.121064,2580066.000000,12.704087,5.226415,-0.046826
35,2271,17,5,108,229.600000,1.005473,4.245674,0.023781,4.051953,0.030281,3.105023,0.036499,13.411179,0.029281,0.126469,3197143.000000,12.877586,5.238725,-0.042460
35,2271,17,5,109,236.733333,1.049339,5.039838,0.022090,5.052199,0.027755,4.056018,0.032869,16.614312,0.027027,0.110709,3958164.000000,13.313152,5.213262,-0.059623
