fov,line,cellID,parentID,frame,tTrans,w,L,growthRateL2_0,area,growthRatearea2_0,V,growthRateV2_0,SA,growthRateSA2_0,beta2SA_V_2_0,Itot,xCM,yCM,orientation
33,118,7,1,70,-41.800000,0.866685,2.838136,0.024434,2.298573,0.037731,1.503914,0.051658,7.727593,0.036676,0.188231,831401.000000,23.295264,48.532251,-0.125325
33,118,7,1,71,-34.683333,0.931007,3.331652,0.022598,2.915780,0.033698,2.056799,0.044681,9.744565,0.032892,0.155833,1319263.000000,24.567179,48.456873,-0.180043
33,118,7,1,72,-27.550000,1.000671,3.910985,0.020766,3.698719,0.029675,2.813476,0.037703,12.294963,0.029080,0.127227,1571424.000000,26.158666,48.294372,0.022174
