fov,line,cellID,parentID,frame,tTrans,w,L,growthRateL2_0,area,growthRatearea2_0,V,growthRateV2_0,SA,growthRateSA2_0,beta2SA_V_2_0,Itot,xCM,yCM,orientation
35,1416,6,5,102,186.800000,1.047123,3.386934,0.022602,3.311233,0.026380,2.616121,0.029655,11.141773,0.024893,0.106018,3040727.000000,13.596312,24.241575,-0.064903
35,1416,6,5,103,193.933333,1.061863,3.932997,0.021033,3.934331,0.024291,3.169524,0.027102,13.120251,0.023121,0.095711,4028511.000000,13.835027,24.217242,-0.063725
35,1416,6,5,104,201.066667,1.078178,4.567101,0.019464,4.674681,0.022202,3.841640,0.024526,15.469671,0.021291,0.085734,4757713.000000,14.112644,24.209393,-0.058806
