fov,line,cellID,parentID,frame,tTrans,w,L,growthRateL2_0,area,growthRatearea2_0,V,growthRateV2_0,SA,growthRateSA2_0,beta2SA_V_2_0,Itot,xCM,yCM,orientation
36,9322,62,56,89,94.250000,1.069280,3.487245,0.020552,3.483473,0.017564,2.811450,0.013986,11.714497,0.015879,0.066165,2589423.000000,16.165050,4.273265,-0.074989
36,9322,62,56,90,101.383333,1.038200,3.998478,0.019468,3.919909,0.017403,3.091943,0.014789,13.041440,0.016043,0.067667,3059586.000000,16.919484,4.321504,-0.100326
36,9322,62,56,91,108.516667,1.017660,4.597768,0.019863,4.456716,0.018246,3.463832,0.016178,14.699401,0.017120,0.072650,3555505.000000,17.586456,4.212270,-0.058870
36,9322,62,56,92,115.650000,0.998612,5.301371,0.018606,5.080007,0.017200,3.891427,0.015404,16.631633,0.016287,0.069608,3979714.000000,18.647713,4.274374,-0.054372
