fov,line,cellID,parentID,frame,tTrans,w,L,growthRateL2_0,area,growthRatearea2_0,V,growthRateV2_0,SA,growthRateSA2_0,beta2SA_V_2_0,Itot,xCM,yCM,orientation
34,8900,53,52,52,-169.983333,1.029281,3.312949,0.018757,3.182604,0.019690,2.471118,0.020096,10.712697,0.018327,0.079505,1871665.000000,20.271465,15.416231,-0.016253
34,8900,53,52,53,-162.850000,1.026493,3.756229,0.017114,3.629620,0.018164,2.825360,0.018799,12.113176,0.017092,0.073330,2162087.000000,21.423246,15.317892,-0.014645
34,8900,53,52,54,-155.716667,1.028395,4.230057,0.016133,4.123207,0.017442,3.228889,0.018409,13.666459,0.016576,0.070127,2517917.000000,22.558673,15.211364,-0.017042
34,8900,53,52,55,-148.600000,1.032697,4.728682,0.014817,4.654432,0.016037,3.672410,0.016970,15.341331,0.015341,0.063980,2780952.000000,23.827493,15.266187,-0.084768
