fov,line,cellID,parentID,frame,tTrans,w,L,growthRateL2_0,area,growthRatearea2_0,V,growthRateV2_0,SA,growthRateSA2_0,beta2SA_V_2_0,Itot,xCM,yCM,orientation
1,5391,22,16,178,345.216667,1.084816,3.442557,0.025277,3.481992,0.030954,2.847653,0.036141,11.732408,0.029355,0.120942,2188328.000000,21.829071,48.687735,0.009447
1,5391,22,16,179,350.216667,1.104450,3.877652,0.024079,4.020899,0.027676,3.362231,0.030689,13.454413,0.026266,0.105105,2586802.000000,22.830512,48.570318,-0.031239
1,5391,22,16,180,355.216667,1.110398,4.376276,0.024355,4.594808,0.025759,3.879482,0.026603,15.266282,0.024371,0.095902,2976790.000000,23.583296,48.574721,-0.123999
1,5391,22,16,181,360.216667,1.105882,4.943512,0.022949,5.204487,0.023429,4.394277,0.023430,17.174898,0.022226,0.086868,3306693.000000,24.639944,48.548265,-0.107902
