fov,line,cellID,parentID,frame,tTrans,w,L,growthRateL2_0,area,growthRatearea2_0,V,growthRateV2_0,SA,growthRateSA2_0,beta2SA_V_2_0,Itot,xCM,yCM,orientation
1,434,8,5,189,400.216667,1.094373,2.500607,0.030835,2.479578,0.026794,2.009021,0.021481,8.597272,0.023029,0.098547,1479189.000000,18.059584,48.920732,-0.147211
1,434,8,5,190,405.216667,1.057362,2.886143,0.026876,2.811769,0.025615,2.224797,0.023325,9.587189,0.022913,0.098737,1591246.000000,18.676436,48.805192,-0.177389
1,434,8,5,191,410.216667,1.048694,3.276294,0.025112,3.199819,0.025928,2.527958,0.026007,10.793977,0.023985,0.102412,2019807.000000,19.100819,48.687096,-0.039918
1,434,8,5,192,415.216667,1.044997,3.708890,0.023644,3.641429,0.026446,2.882247,0.028722,12.176118,0.024984,0.105544,2292775.000000,19.738166,48.649865,-0.043338
1,434,8,5,193,420.216667,1.060413,4.153228,0.022079,4.162822,0.026767,3.355797,0.031064,13.836003,0.025689,0.105914,2705226.000000,20.448690,48.612228,-0.054560
1,434,8,5,194,425.216667,1.082414,4.625899,0.020436,4.755706,0.024934,3.924690,0.028990,15.730389,0.024086,0.096537,3119797.000000,21.343063,48.594447,-0.046829
