fov,line,cellID,parentID,frame,tTrans,w,L,growthRateL2_0,area,growthRatearea2_0,V,growthRateV2_0,SA,growthRateSA2_0,beta2SA_V_2_0,Itot,xCM,yCM,orientation
4,7939,15,9,29,-399.433333,0.970350,1.926123,0.017067,1.666949,0.007234,1.185201,-0.003251,5.871680,0.003910,0.019371,595279.000000,16.229935,44.577530,-0.096493
4,7939,15,9,30,-394.433333,0.911533,2.090492,0.016856,1.727242,0.006727,1.165933,-0.004388,5.986471,0.003644,0.018712,607459.000000,16.347299,44.556917,-0.120412
4,7939,15,9,31,-389.433333,0.850762,2.278500,0.016387,1.783133,0.007011,1.134043,-0.003416,6.089854,0.004492,0.024121,637601.000000,16.502489,44.523909,-0.087061
4,7939,15,9,32,-384.433333,0.808740,2.463859,0.016463,1.852260,0.008714,1.127198,0.000199,6.260009,0.006725,0.037350,642374.000000,16.502262,44.754946,0.071216
4,7939,15,9,33,-379.433333,0.772120,2.684132,0.016319,1.944534,0.010031,1.136283,0.003056,6.510865,0.008413,0.048209,662185.000000,16.612174,44.669828,0.089411
4,7939,15,9,34,-374.433333,0.746755,2.901875,0.015678,2.047319,0.012777,1.161921,0.009339,6.807801,0.011594,0.067930,750477.000000,16.778724,44.733528,0.023976
4,7939,15,9,35,-369.433333,0.740250,3.139089,0.015853,2.206117,0.015335,1.244791,0.014445,7.300157,0.014410,0.084511,800907.000000,16.896226,44.793783,0.019459
4,7939,15,9,36,-364.433333,0.735941,3.399520,0.016704,2.385617,0.017324,1.341734,0.017612,7.859786,0.016493,0.096615,868994.000000,17.034371,44.775856,0.008681
4,7939,15,9,37,-359.433333,0.738164,3.706956,0.016587,2.619409,0.017851,1.481103,0.018820,8.596474,0.017139,0.099478,945662.000000,17.287248,44.786286,-0.006203
