fov,line,cellID,parentID,frame,tTrans,w,L,growthRateL2_0,area,growthRatearea2_0,V,growthRateV2_0,SA,growthRateSA2_0,beta2SA_V_2_0,Itot,xCM,yCM,orientation
4,678,11,6,54,-274.433333,0.815030,3.890517,0.019158,3.028332,0.021986,1.888017,0.024509,9.961632,0.021162,0.111657,1125191.000000,21.753817,44.297134,-0.246672
4,678,11,6,55,-269.433333,0.822481,4.263198,0.018321,3.361229,0.020897,2.119387,0.023185,11.015686,0.020185,0.104913,1241333.000000,22.465650,44.260361,-0.218512
4,678,11,6,56,-264.433333,0.830266,4.671580,0.017484,3.730720,0.019808,2.379392,0.021855,12.185152,0.019195,0.098300,1322175.000000,22.921070,44.213648,-0.223261
