fov,line,cellID,parentID,frame,tTrans,w,L,growthRateL2_0,area,growthRatearea2_0,V,growthRateV2_0,SA,growthRateSA2_0,beta2SA_V_2_0,Itot,xCM,yCM,orientation
29,6291,40,37,166,288.583333,0.492805,1.727625,0.007068,0.799264,0.015526,0.298193,0.024362,2.674695,0.015606,0.139984,26339.000000,18.111465,52.289884,0.914916
29,6291,40,37,167,293.583333,0.513125,1.788681,0.006947,0.861313,0.014967,0.334517,0.023040,2.883406,0.015042,0.129655,44372.000000,18.910100,53.852700,-0.462859
29,6291,40,37,168,298.583333,0.534284,1.851894,0.006827,0.928178,0.014408,0.375265,0.021717,3.108411,0.014477,0.119918,29033.000000,29.475875,52.783897,-1.486224
29,6291,45,40,169,303.583333,0.394182,1.170977,0.053750,0.428233,0.050297,0.126865,0.045157,1.450089,0.045769,0.523144,17005.000000,18.432425,52.397703,0.709096
29,6291,45,40,170,308.583333,0.381783,1.485678,0.028825,0.535927,0.028816,0.155509,0.028065,1.781932,0.026931,0.308600,17679.000000,29.342500,53.192375,-0.588835
29,6291,45,40,171,313.583333,0.384145,1.599224,0.014743,0.582666,0.016743,0.170508,0.018453,1.929989,0.016010,0.181218,26869.000000,17.750307,52.426283,0.546855
29,6291,45,40,172,318.583333,0.386629,1.721448,-0.003671,0.633483,0.002783,0.186972,0.009854,2.090924,0.003440,0.038468,20109.000000,17.727138,52.479328,0.576929
29,6291,45,40,173,323.583333,0.414853,1.536037,-0.024142,0.600295,-0.011057,0.188933,0.002075,2.001913,-0.008893,-0.094224,21373.000000,18.285011,52.971870,0.143451
