fov,line,cellID,parentID,frame,tTrans,w,L,growthRateL2_0,area,growthRatearea2_0,V,growthRateV2_0,SA,growthRateSA2_0,beta2SA_V_2_0,Itot,xCM,yCM,orientation
27,7,31,25,31,-386.666667,0.900386,1.854540,0.019517,1.495825,0.028209,0.989722,0.036685,5.245835,0.026645,0.141226,616886.000000,23.751916,48.833033,0.070349
27,7,31,25,32,-381.666667,0.929623,2.035512,0.019631,1.706801,0.026109,1.171260,0.031979,5.944708,0.024518,0.124439,725346.000000,24.536896,48.804990,0.076977
27,7,31,25,33,-376.666667,0.946589,2.254136,0.020237,1.941450,0.025307,1.364276,0.029783,6.703343,0.023639,0.116152,773986.000000,25.267696,48.700027,0.052236
27,7,31,25,34,-371.666667,0.961870,2.491671,0.019821,2.198116,0.022940,1.577583,0.025423,7.529343,0.021308,0.101697,895361.000000,26.257697,48.720561,0.026813
27,7,31,25,35,-366.666667,0.962307,2.748002,0.019355,2.445693,0.022135,1.765342,0.024389,8.307698,0.020651,0.097184,1024095.000000,26.988371,48.896477,0.196802
27,7,31,25,36,-361.666667,0.973285,3.023542,0.018437,2.739479,0.021458,2.008126,0.024000,9.244977,0.020227,0.093122,1179817.000000,27.956289,48.833478,0.154080
27,7,31,25,37,-356.666667,0.980092,3.305468,0.016807,3.033519,0.019496,2.247296,0.021794,10.177695,0.018465,0.083623,1345778.000000,28.495719,48.749465,0.137292
27,7,31,25,38,-351.666667,0.989343,3.579098,0.015433,3.330903,0.018504,2.497904,0.021260,11.124240,0.017669,0.078686,1522914.000000,29.381528,48.742207,0.099943
27,7,31,25,39,-346.666667,1.001935,3.857830,0.014450,3.649863,0.017478,2.778350,0.020188,12.143187,0.016782,0.073349,1512823.000000,29.932034,48.646476,0.083943
