fov,line,cellID,parentID,frame,tTrans,w,L,growthRateL2_0,area,growthRatearea2_0,V,growthRateV2_0,SA,growthRateSA2_0,beta2SA_V_2_0,Itot,xCM,yCM,orientation
30,112,3,2,179,353.700000,0.577147,1.563866,-0.037206,0.831097,-0.016438,0.358801,0.009780,2.835540,-0.009223,-0.072888,26049.000000,31.456037,53.374848,-0.351564
30,112,3,2,180,358.700000,0.676354,1.272941,-0.045709,0.762788,-0.017910,0.376346,0.009324,2.704780,-0.009669,-0.069490,22613.000000,30.597419,53.768837,0.176672
