fov,line,cellID,parentID,frame,tTrans,w,L,growthRateL2_0,area,growthRatearea2_0,V,growthRateV2_0,SA,growthRateSA2_0,beta2SA_V_2_0,Itot,xCM,yCM,orientation
8,1654,10,1,79,-79.583333,0.912831,2.358562,0.016112,1.974149,0.019327,1.344409,0.022103,6.763751,0.018011,0.090636,562348.000000,19.425640,9.518763,-0.054651
8,1654,10,1,80,-73.700000,0.922147,2.582135,0.014987,2.198621,0.017477,1.519233,0.019542,7.480473,0.016351,0.080527,721769.000000,20.109465,9.485576,-0.109609
8,1654,10,1,81,-67.816667,0.927919,2.813903,0.014459,2.426295,0.016514,1.693745,0.018183,8.202933,0.015492,0.075044,781028.000000,20.459850,9.554409,-0.010080
8,1654,10,1,82,-61.933333,0.933411,3.060887,0.014575,2.670092,0.015397,1.881606,0.015818,8.975734,0.014376,0.068594,1028390.000000,20.483687,9.429386,-0.164566
8,1654,10,1,83,-56.050000,0.926779,3.338844,0.016094,2.910046,0.016777,2.043965,0.017053,9.721256,0.015725,0.074809,1168975.000000,20.932298,9.521626,-0.154773
8,1654,10,1,84,-50.166667,0.928637,3.693192,0.017244,3.244570,0.018243,2.291749,0.018851,10.774519,0.017263,0.081182,1230563.000000,21.801207,9.515630,-0.127792
8,1654,10,1,85,-44.283333,0.927317,4.088189,0.019696,3.606507,0.020750,2.552306,0.021402,11.909925,0.019741,0.092012,1292308.000000,22.548569,9.510248,-0.108850
8,1654,10,1,86,-38.416667,0.928806,4.639304,0.020249,4.123882,0.021385,2.933581,0.022154,13.537168,0.020490,0.094305,1419957.000000,23.603959,9.595441,0.021218
