fov,line,cellID,parentID,frame,tTrans,w,L,growthRateL2_0,area,growthRatearea2_0,V,growthRateV2_0,SA,growthRateSA2_0,beta2SA_V_2_0,Itot,xCM,yCM,orientation
2,2803,13,1,162,407.333333,1.180174,2.248290,0.032131,2.354474,0.028840,2.029095,0.023992,8.335821,0.024100,0.099232,1345297.000000,23.227968,1.478261,0.015654
2,2803,13,1,163,413.233333,1.133168,2.674503,0.029074,2.755098,0.027796,2.316318,0.025271,9.521106,0.024345,0.100155,1541307.000000,24.801822,1.577228,-0.018940
2,2803,13,1,164,419.116667,1.113200,3.164548,0.028732,3.256838,0.028570,2.718831,0.027449,11.067126,0.025998,0.105764,1696494.000000,26.484464,1.653850,-0.012604
2,2803,13,1,165,425.000000,1.097189,3.744382,0.028308,3.849951,0.029586,3.194449,0.030112,12.906584,0.027605,0.111470,2018199.000000,28.536915,1.689626,-0.006067
2,2803,13,1,166,430.883333,1.100972,4.411762,0.025712,4.597099,0.027625,3.850671,0.028966,15.259426,0.026208,0.103798,2381708.000000,30.895489,1.883706,0.091032
2,2803,20,11,167,436.783333,1.130211,3.042908,0.042813,3.164999,0.038519,2.674833,0.032773,10.804335,0.034398,0.138943,1592245.000000,22.182853,1.580926,0.025026
2,2803,20,11,168,442.666667,1.085515,3.809365,0.034199,3.882247,0.031402,3.190575,0.027475,12.990869,0.028608,0.116483,1913431.000000,23.966510,8.094181,0.018178
