fov,line,cellID,parentID,frame,tTrans,w,L,growthRateL2_0,area,growthRatearea2_0,V,growthRateV2_0,SA,growthRateSA2_0,beta2SA_V_2_0,Itot,xCM,yCM,orientation
13,5404,13,2,67,-149.200000,0.910715,2.837445,0.035370,2.406113,0.035582,1.650593,0.034729,8.118203,0.032845,0.161542,592900.000000,22.801686,30.002900,0.081150
13,5404,13,2,68,-143.316667,0.899514,3.427901,0.030154,2.909807,0.030258,1.987841,0.029612,9.686934,0.028346,0.138132,993399.000000,23.732512,23.775271,-0.065544
13,5404,13,2,69,-137.433333,0.891176,4.053688,0.024778,3.442112,0.025544,2.343229,0.025806,11.349152,0.024278,0.117587,1148898.000000,25.056832,23.870661,-0.058020
13,5404,13,2,70,-131.550000,0.892767,4.609765,0.020504,3.944401,0.021645,2.699370,0.022425,12.929053,0.020770,0.099482,1218139.000000,26.127931,23.871504,-0.045855
