fov,line,cellID,parentID,frame,tTrans,w,L,growthRateL2_0,area,growthRatearea2_0,V,growthRateV2_0,SA,growthRateSA2_0,beta2SA_V_2_0,Itot,xCM,yCM,orientation
17,1041,2,1,86,-36.733333,1.068481,3.008717,0.026325,2.969755,0.032298,2.378416,0.037702,10.099453,0.030377,0.128769,826577.000000,34.384386,3.170692,-1.518641
17,1041,2,1,87,-30.866667,1.090478,3.473389,0.024825,3.532464,0.028180,2.904491,0.030860,11.899273,0.026537,0.108687,1090632.000000,34.272239,7.272500,-1.426979
17,1041,2,1,88,-24.983333,1.092968,4.021872,0.025010,4.139417,0.027064,3.431585,0.028526,13.809738,0.025545,0.102918,1295365.000000,34.327617,2.655934,1.568793
17,1041,2,1,89,-19.100000,1.097053,4.656966,0.025097,4.850659,0.026102,4.056318,0.026564,16.050201,0.024762,0.097951,1497505.000000,34.311854,2.917234,1.549622
17,1041,2,1,90,-13.233333,1.090273,5.395185,0.023323,5.627130,0.023521,4.697649,0.023271,18.479558,0.022408,0.087999,1769646.000000,34.251128,4.189311,-1.554892
