fov,line,cellID,parentID,frame,tTrans,w,L,growthRateL2_0,area,growthRatearea2_0,V,growthRateV2_0,SA,growthRateSA2_0,beta2SA_V_2_0,Itot,xCM,yCM,orientation
30,4159,12,3,182,530.300000,1.105674,2.192239,0.019484,2.161548,0.019584,1.751027,0.018789,7.614911,0.016982,0.073804,872029.000000,20.321904,14.786286,0.076680
30,4159,12,3,183,536.183333,1.091073,2.443535,0.016716,2.410603,0.017700,1.944590,0.018032,8.375718,0.015804,0.068122,945879.000000,20.997329,14.769229,0.044736
30,4159,12,3,184,542.083333,1.092330,2.673532,0.014690,2.664320,0.016190,2.164218,0.017185,9.174644,0.014789,0.062742,1059887.000000,21.659657,14.897268,0.039889
30,4159,12,3,185,547.966667,1.092449,2.906300,0.013644,2.918870,0.015635,2.382833,0.017225,9.974510,0.014502,0.060667,1124456.000000,22.570188,14.981098,0.039868
30,4159,12,3,186,553.850000,1.102559,3.140123,0.012034,3.201293,0.014964,2.647167,0.017608,10.876731,0.014152,0.058111,1223340.000000,23.377373,15.115212,0.035754
30,4159,12,3,187,559.733333,1.119534,3.350960,0.010694,3.482542,0.013727,2.931282,0.016475,11.785731,0.013109,0.052675,1337033.000000,24.145541,15.219364,0.042767
