fov,line,cellID,parentID,frame,tTrans,w,L,growthRateL2_0,area,growthRatearea2_0,V,growthRateV2_0,SA,growthRateSA2_0,beta2SA_V_2_0,Itot,xCM,yCM,orientation
4,8312,5,2,203,530.566667,1.091719,2.927208,0.023709,2.939914,0.022881,2.399446,0.021208,10.039546,0.020609,0.086231,2123977.000000,16.951599,36.332803,0.069553
4,8312,5,2,204,535.566667,1.076591,3.274214,0.021059,3.276256,0.021288,2.653885,0.020863,11.074081,0.019555,0.081599,2423698.000000,17.783211,36.380285,0.078626
4,8312,5,2,205,540.566667,1.074176,3.616725,0.019931,3.637379,0.020951,2.953115,0.021437,12.205081,0.019568,0.080874,2641667.000000,18.879860,36.395102,0.048933
4,8312,5,2,206,545.566667,1.072626,3.995065,0.018311,4.038307,0.020418,3.286946,0.022127,13.462391,0.019349,0.079248,3050628.000000,20.112950,36.398848,0.053121
4,8312,5,2,207,550.566667,1.084149,4.348243,0.016245,4.461905,0.018987,3.680432,0.021383,14.809917,0.018198,0.073227,3393797.000000,21.669450,36.475175,0.003927
