fov,line,cellID,parentID,frame,tTrans,w,L,growthRateL2_0,area,growthRatearea2_0,V,growthRateV2_0,SA,growthRateSA2_0,beta2SA_V_2_0,Itot,xCM,yCM,orientation
9,8,45,36,38,-293.833333,0.939380,2.160761,0.026080,1.840403,0.028380,1.280526,0.029715,6.376727,0.025664,0.127801,1083341.000000,17.764891,48.726992,-0.028797
9,8,45,36,39,-288.833333,0.937652,2.442523,0.022289,2.101561,0.023624,1.470778,0.024203,7.194990,0.021564,0.105488,1263871.000000,18.317795,48.978184,0.065398
9,8,45,36,40,-283.833333,0.932894,2.705165,0.020799,2.336866,0.021555,1.636496,0.021658,7.928226,0.019814,0.095992,1633181.000000,18.797648,48.798796,0.164064
9,8,45,36,41,-278.833333,0.928493,3.005163,0.020080,2.605264,0.021745,1.825210,0.022878,8.765898,0.020320,0.097593,1796901.000000,19.446307,48.916847,0.137568
9,8,45,36,42,-273.833333,0.934115,3.308615,0.018941,2.903373,0.021169,2.054059,0.022947,9.709495,0.020018,0.094623,1950354.000000,20.260904,48.881991,0.119183
9,8,45,36,43,-268.833333,0.938622,3.631857,0.018105,3.219875,0.022413,2.296553,0.026465,10.709505,0.021530,0.100403,2206548.000000,21.079943,48.941263,0.105100
9,8,45,36,44,-263.833333,0.964305,3.966160,0.017779,3.625034,0.024999,2.661850,0.032069,12.015299,0.024373,0.110018,2473696.000000,22.061399,48.928325,0.094273
9,8,45,36,45,-258.833333,1.000944,4.337019,0.016469,4.126106,0.026430,3.150179,0.036481,13.638008,0.026067,0.112852,2874084.000000,22.985677,48.950928,0.093224
9,8,45,36,46,-253.833333,1.058916,4.680445,0.014675,4.715563,0.025001,3.811071,0.034683,15.570352,0.024821,0.101407,2960779.000000,24.393775,48.982995,-0.007289
