fov,line,cellID,parentID,frame,tTrans,w,L,growthRateL2_0,area,growthRatearea2_0,V,growthRateV2_0,SA,growthRateSA2_0,beta2SA_V_2_0,Itot,xCM,yCM,orientation
8,9222,33,30,196,496.050000,1.120967,3.116700,0.024094,3.224057,0.025329,2.707127,0.025787,10.975842,0.023260,0.094305,2932845.000000,20.585479,36.078700,-0.045317
8,9222,33,30,197,501.050000,1.116794,3.492169,0.020430,3.632376,0.022234,3.056168,0.023482,12.252316,0.020737,0.083136,3325609.000000,21.968489,36.033045,0.000167
8,9222,33,30,198,506.050000,1.123321,3.830139,0.019192,4.031681,0.021747,3.424789,0.023842,13.516630,0.020545,0.081086,3414144.000000,23.491536,36.032204,0.032513
8,9222,33,30,199,511.050000,1.131700,4.227261,0.018497,4.509141,0.020972,3.872722,0.023039,15.029351,0.019933,0.077355,4288212.000000,21.090579,35.971272,0.057592
8,9222,33,30,200,516.050000,1.139634,4.612056,0.018517,4.977339,0.020997,4.317026,0.023103,16.512388,0.020043,0.076663,4504376.000000,22.659425,35.977659,0.026381
8,9222,33,30,201,521.050000,1.148817,5.081279,0.018469,5.554232,0.020773,4.870079,0.022712,18.338920,0.019920,0.075010,5066236.000000,24.112893,35.992088,0.008614
