fov,line,cellID,parentID,frame,tTrans,w,L,growthRateL2_0,area,growthRatearea2_0,V,growthRateV2_0,SA,growthRateSA2_0,beta2SA_V_2_0,Itot,xCM,yCM,orientation
9,7290,6,5,125,141.166667,0.958052,4.020163,0.015249,3.654550,0.021807,2.667872,0.028344,12.099922,0.021272,0.096478,3204746.000000,11.954389,11.567477,-0.027790
9,7290,6,5,126,146.166667,0.984860,4.326680,0.014169,4.053021,0.019663,3.045961,0.024826,13.386872,0.019227,0.084502,3545042.000000,12.130531,11.596731,-0.032060
9,7290,7,5,125,141.166667,1.124807,3.622014,0.019580,3.802553,0.022156,3.226550,0.024244,12.799054,0.020832,0.082634,3695454.000000,15.658385,11.563213,0.013029
9,7290,7,5,126,146.166667,1.131218,3.976607,0.017834,4.223794,0.019946,3.617671,0.021623,14.132173,0.018866,0.073700,4148105.000000,16.153977,11.596075,-0.018221
