fov,line,cellID,parentID,frame,tTrans,w,L,growthRateL2_0,area,growthRatearea2_0,V,growthRateV2_0,SA,growthRateSA2_0,beta2SA_V_2_0,Itot,xCM,yCM,orientation
16,5596,19,9,118,107.000000,0.929630,3.287812,0.019364,2.870986,0.029393,2.021273,0.039579,9.602111,0.028659,0.136147,2080326.000000,13.857935,30.112047,-0.054494
16,5596,19,9,119,112.000000,0.969020,3.606145,0.017459,3.292914,0.022298,2.421276,0.026662,10.978060,0.021508,0.097517,2842944.000000,14.569525,30.085283,-0.037217
16,5596,19,9,120,117.000000,0.972081,3.917393,0.017117,3.605237,0.019074,2.666835,0.020678,11.963257,0.018166,0.081492,3002420.000000,15.152043,30.064011,-0.028691
16,5596,19,9,121,122.000000,0.978844,4.276671,0.016978,3.980575,0.015757,2.972737,0.014192,13.151311,0.014799,0.065472,3274108.000000,15.476477,30.134195,-0.045536
16,5596,19,9,122,127.000000,0.953494,4.643504,0.017113,4.232449,0.013663,3.088728,0.009786,13.909572,0.012664,0.057029,3444897.000000,16.107630,30.202787,-0.031406
16,5596,19,9,123,132.000000,0.936025,5.071329,0.016872,4.558867,0.014320,3.274985,0.011375,14.912789,0.013454,0.061265,3906795.000000,16.880099,30.142485,-0.018400
16,5596,21,10,120,117.000000,1.038033,4.489219,0.014997,4.428722,0.024165,3.506301,0.033568,14.639691,0.023794,0.099347,3856616.000000,23.375529,30.238615,0.000685
16,5596,21,10,121,122.000000,1.080509,4.825838,0.013951,4.963812,0.021560,4.094801,0.028744,16.381393,0.021264,0.085069,4466106.000000,24.497194,30.265847,-0.008415
