fov,line,cellID,parentID,frame,tTrans,w,L,growthRateL2_0,area,growthRatearea2_0,V,growthRateV2_0,SA,growthRateSA2_0,beta2SA_V_2_0,Itot,xCM,yCM,orientation
17,100,10,7,156,297.133333,0.999333,1.873523,0.008459,1.657957,0.016597,1.208223,0.025018,5.881920,0.016497,0.080309,1367634.000000,18.920505,30.927139,0.044197
17,100,10,7,157,302.133333,1.037864,1.952764,0.007757,1.795542,0.015327,1.359361,0.022907,6.367075,0.015304,0.071681,1415922.000000,19.238291,30.983714,0.053325
17,100,10,7,158,307.133333,1.077752,2.024989,0.007649,1.933165,0.012353,1.519617,0.016796,6.856323,0.011928,0.053817,1568126.000000,19.558978,30.921288,0.059235
17,100,10,7,159,312.133333,1.085104,2.107652,0.008107,2.034339,0.010750,1.614599,0.013146,7.184892,0.009970,0.044365,1779709.000000,19.844524,30.882108,0.131788
17,100,10,7,160,317.133333,1.097729,2.195847,0.008257,2.151849,0.006514,1.731875,0.004420,7.572639,0.005226,0.022853,1789374.000000,20.166859,30.807809,0.108227
17,100,10,7,161,322.133333,1.054187,2.288972,0.008137,2.174514,0.002085,1.691156,-0.004816,7.580673,0.000212,0.000950,1822311.000000,20.514332,30.787698,0.112103
