fov,line,cellID,parentID,frame,tTrans,w,L,growthRateL2_0,area,growthRatearea2_0,V,growthRateV2_0,SA,growthRateSA2_0,beta2SA_V_2_0,Itot,xCM,yCM,orientation
17,3375,13,1,208,557.133333,1.224345,2.015638,0.021345,2.146145,0.013906,1.892583,0.005300,7.752940,0.009342,0.038271,2254186.000000,13.572012,11.217765,-0.009808
17,3375,13,1,209,562.133333,1.157951,2.230762,0.020097,2.295365,0.017170,1.942739,0.012979,8.115091,0.013699,0.057223,2393307.000000,13.905165,11.221897,-0.005619
17,3375,13,1,210,567.133333,1.145194,2.463947,0.020147,2.540254,0.020207,2.144736,0.019406,8.864624,0.017713,0.073209,2328929.000000,14.539653,11.265488,-0.016098
17,3375,13,1,211,572.133333,1.130441,2.727172,0.019667,2.808668,0.021821,2.358956,0.023320,9.685239,0.019872,0.081587,2762900.000000,15.073761,11.318441,0.000008
17,3375,13,1,212,577.133333,1.144657,3.000303,0.019570,3.153138,0.025002,2.694851,0.029997,10.789227,0.023592,0.094453,3386927.000000,15.728034,11.316632,-0.014464
17,3375,13,1,213,582.133333,1.174639,3.314317,0.019348,3.597022,0.025647,3.167330,0.031524,12.230613,0.024474,0.094507,3701950.000000,16.251204,11.328501,-0.007968
17,3375,13,1,214,587.133333,1.204741,3.641553,0.017972,4.075654,0.023487,3.693332,0.028484,13.782566,0.022521,0.084041,4418745.000000,16.929046,11.357950,0.002869
