fov,line,cellID,parentID,frame,tTrans,w,L,growthRateL2_0,area,growthRatearea2_0,V,growthRateV2_0,SA,growthRateSA2_0,beta2SA_V_2_0,Itot,xCM,yCM,orientation
14,1640,8,1,127,151.766667,1.122801,2.234002,0.016040,2.237794,0.011167,1.841391,0.005501,7.880177,0.008479,0.036288,1866199.000000,16.572796,49.587736,-0.051487
14,1640,8,1,128,156.766667,1.083505,2.413172,0.015986,2.362746,0.012244,1.892040,0.007646,8.214276,0.009869,0.042847,2090670.000000,17.126889,49.612935,-0.023530
14,1640,8,1,129,161.766667,1.055965,2.619770,0.016219,2.527091,0.015390,1.986050,0.013879,8.690858,0.013560,0.059340,2211977.000000,17.631560,49.662212,-0.077598
14,1640,8,1,130,166.766667,1.053469,2.838071,0.016805,2.751655,0.017597,2.167675,0.017829,9.392795,0.016084,0.069694,2323598.000000,18.156108,49.661872,-0.077468
14,1640,8,1,131,171.766667,1.048623,3.096701,0.016439,3.011292,0.020660,2.372533,0.024614,10.201601,0.019578,0.084182,2510772.000000,18.706960,49.655772,-0.068225
14,1640,8,1,132,176.766667,1.083182,3.347142,0.014965,3.373776,0.021488,2.751658,0.027556,11.390047,0.020868,0.086380,2890929.000000,19.772933,49.652489,-0.062860
