fov,line,cellID,parentID,frame,tTrans,w,L,growthRateL2_0,area,growthRatearea2_0,V,growthRateV2_0,SA,growthRateSA2_0,beta2SA_V_2_0,Itot,xCM,yCM,orientation
22,1930,11,1,190,467.733333,1.099669,2.507490,0.027750,2.497896,0.034787,2.033372,0.041108,8.662653,0.032267,0.137464,2246224.000000,11.984979,48.811298,-0.003712
22,1930,11,1,191,472.733333,1.121478,2.855403,0.024072,2.932363,0.027785,2.451313,0.030701,10.060229,0.025765,0.105742,2816442.000000,12.491436,48.770230,0.027379
22,1930,11,1,192,477.733333,1.121337,3.194834,0.022512,3.312646,0.024448,2.785952,0.025704,11.254709,0.022621,0.091385,3342039.000000,12.970522,48.772745,0.017028
22,1930,11,1,193,482.733333,1.122546,3.574613,0.020756,3.742245,0.020659,3.167425,0.019959,12.606163,0.019065,0.075876,3467158.000000,13.429144,48.782193,0.011760
22,1930,11,1,194,487.733333,1.104324,3.936783,0.018399,4.085771,0.016816,3.418143,0.014670,13.658028,0.015403,0.061546,3944528.000000,13.982134,48.790275,0.013336
