fov,line,cellID,parentID,frame,tTrans,w,L,growthRateL2_0,area,growthRatearea2_0,V,growthRateV2_0,SA,growthRateSA2_0,beta2SA_V_2_0,Itot,xCM,yCM,orientation
27,1823,26,19,176,398.333333,1.049150,3.578754,0.029943,3.518435,0.034624,2.791504,0.038653,11.795583,0.032755,0.138407,2900308.000000,14.707789,42.091606,0.012971
27,1823,26,19,177,403.333333,1.061980,4.114547,0.027993,4.127539,0.032069,3.331000,0.035566,13.727402,0.030574,0.125999,3544052.000000,15.427091,42.054702,-0.027626
27,1823,26,19,178,408.333333,1.076111,4.730555,0.026044,4.842091,0.029514,3.976212,0.032454,15.992601,0.028328,0.113938,4363017.000000,16.141616,42.060741,0.003620
