fov,line,cellID,parentID,frame,tTrans,w,L,growthRateL2_0,area,growthRatearea2_0,V,growthRateV2_0,SA,growthRateSA2_0,beta2SA_V_2_0,Itot,xCM,yCM,orientation
22,8510,8,3,201,522.733333,1.113051,2.191309,0.025584,2.173172,0.028949,1.771173,0.031283,7.662466,0.025843,0.111803,2131981.000000,17.611057,48.682431,0.012238
22,8510,8,3,202,527.733333,1.114332,2.471617,0.023151,2.487723,0.025274,2.048208,0.026512,8.652579,0.022767,0.096176,2408086.000000,18.534823,48.692570,0.017100
22,8510,8,3,203,532.733333,1.109489,2.763502,0.022372,2.801908,0.023843,2.314199,0.024528,9.632361,0.021664,0.090173,2701565.000000,19.520639,48.727874,0.044737
22,8510,8,3,204,537.733333,1.106344,3.089857,0.021308,3.155773,0.021970,2.615839,0.021937,10.739362,0.020107,0.082550,3077825.000000,20.514519,48.682934,0.045042
22,8510,8,3,205,542.733333,1.096884,3.421899,0.019407,3.495227,0.019424,2.888040,0.018850,11.791737,0.017849,0.072878,3309346.000000,21.658021,48.768482,0.028799
