fov,line,cellID,parentID,frame,tTrans,w,L,growthRateL2_0,area,growthRatearea2_0,V,growthRateV2_0,SA,growthRateSA2_0,beta2SA_V_2_0,Itot,xCM,yCM,orientation
23,9545,10,2,208,557.850000,1.186281,2.292671,0.035649,2.417751,0.037883,2.096952,0.038516,8.544355,0.033221,0.135364,2030773.000000,13.715289,5.335000,0.026475
23,9545,10,2,209,562.850000,1.174059,2.701326,0.030988,2.875706,0.031990,2.500786,0.031785,9.963611,0.028565,0.113808,2683473.000000,14.493821,5.335000,0.024363
23,9545,10,2,210,567.850000,1.158459,3.129758,0.027237,3.337694,0.026819,2.891829,0.025449,11.390459,0.024215,0.095379,3046715.000000,15.325712,5.337113,0.003752
23,9545,10,2,211,572.850000,1.139484,3.553780,0.023863,3.770833,0.022973,3.236734,0.021312,12.721807,0.020930,0.082265,3297918.000000,16.376498,5.455363,0.008913
