fov,line,cellID,parentID,frame,tTrans,w,L,growthRateL2_0,area,growthRatearea2_0,V,growthRateV2_0,SA,growthRateSA2_0,beta2SA_V_2_0,Itot,xCM,yCM,orientation
20,7,39,33,30,-332.516667,0.971908,2.016119,0.025650,1.756767,0.034320,1.255390,0.042463,6.155892,0.031939,0.156613,798246.000000,18.898212,49.084736,-0.016275
20,7,39,33,31,-327.516667,0.998994,2.274683,0.023831,2.058226,0.030890,1.521931,0.037266,7.138943,0.028942,0.135757,928122.000000,19.881363,49.092913,-0.029171
20,7,39,33,32,-322.516667,1.023044,2.558200,0.022447,2.392545,0.026384,1.822555,0.029564,8.222025,0.024515,0.110593,1126070.000000,21.007317,49.137363,0.006533
20,7,39,33,33,-317.516667,1.022833,2.848934,0.020019,2.689471,0.023741,2.060750,0.026966,9.154554,0.022224,0.098726,1357771.000000,21.807902,49.158392,0.050097
20,7,39,33,34,-312.516667,1.043538,3.128542,0.018431,3.031059,0.020788,2.378265,0.022595,10.256528,0.019482,0.084020,1476116.000000,22.914409,49.207781,0.042461
20,7,39,33,35,-307.516667,1.036341,3.425549,0.016210,3.319553,0.016412,2.598126,0.016154,11.152768,0.015212,0.065300,1533437.000000,23.914519,49.427251,-0.016831
20,7,39,33,36,-302.516667,1.032836,3.683833,0.014023,3.575867,0.014336,2.797955,0.014284,11.953112,0.013391,0.057209,1704603.000000,25.115846,49.451449,-0.013736
