fov,line,cellID,parentID,frame,tTrans,w,L,growthRateL2_0,area,growthRatearea2_0,V,growthRateV2_0,SA,growthRateSA2_0,beta2SA_V_2_0,Itot,xCM,yCM,orientation
24,5185,5,4,210,567.966667,0.942906,4.249333,0.018449,3.815926,0.018942,2.747736,0.019055,12.587490,0.018001,0.082465,3186067.000000,10.115224,23.271397,0.014298
24,5185,5,4,211,572.966667,0.940975,4.641308,0.018473,4.177339,0.019405,3.009526,0.019998,13.720449,0.018565,0.084637,3454831.000000,10.331970,23.358776,0.010221
24,5185,5,4,212,577.966667,0.943365,5.106729,0.019670,4.626528,0.021508,3.349587,0.023038,15.134655,0.020736,0.093691,4021891.000000,10.585015,23.369177,-0.002128
24,5185,5,4,213,582.966667,0.950490,5.645817,0.019097,5.172415,0.021108,3.781200,0.022829,16.858705,0.020453,0.091191,4515217.000000,10.882002,23.349361,-0.001386
