fov,line,cellID,parentID,frame,tTrans,w,L,growthRateL2_0,area,growthRatearea2_0,V,growthRateV2_0,SA,growthRateSA2_0,beta2SA_V_2_0,Itot,xCM,yCM,orientation
34,8,32,23,32,-320.833333,1.045875,2.330324,0.016872,2.202484,0.015254,1.702499,0.012896,7.656774,0.013125,0.059028,1056603.000000,15.128496,48.927816,-0.020240
34,8,32,23,33,-315.833333,1.027804,2.526911,0.015929,2.370468,0.015158,1.812278,0.013739,8.159249,0.013375,0.060217,1220150.000000,15.594230,48.928212,0.090783
34,8,32,23,34,-310.833333,1.018939,2.732838,0.017458,2.561788,0.015725,1.951479,0.013363,8.748066,0.013937,0.062476,1336426.000000,16.069505,49.099460,-0.070400
34,8,32,23,35,-305.833333,0.993758,3.004003,0.016900,2.773322,0.015561,2.073050,0.013614,9.378449,0.014016,0.063406,1477700.000000,16.683369,49.111928,-0.071514
34,8,32,23,36,-300.833333,0.988426,3.240504,0.017114,2.993334,0.016139,2.233698,0.014660,10.062513,0.014797,0.066659,1608051.000000,17.110282,49.104399,-0.054480
34,8,32,23,37,-295.833333,0.972076,3.558572,0.018918,3.256417,0.016915,2.400509,0.014374,10.867399,0.015528,0.070298,1727726.000000,17.828668,49.069226,0.081550
34,8,32,23,38,-290.833333,0.955653,3.913715,0.018149,3.544162,0.016238,2.578747,0.013824,11.750033,0.015024,0.068455,1888734.000000,18.440633,49.270093,-0.009999
