fov,line,cellID,parentID,frame,tTrans,w,L,growthRateL2_0,area,growthRatearea2_0,V,growthRateV2_0,SA,growthRateSA2_0,beta2SA_V_2_0,Itot,xCM,yCM,orientation
8,4657,12,5,93,-78.916667,0.923704,2.777521,0.010797,2.382503,0.019911,1.654953,0.029346,8.060093,0.019725,0.096065,1194019.000000,28.299889,50.461987,-0.004841
8,4657,12,5,94,-73.916667,0.962826,2.927461,0.010803,2.619692,0.017048,1.897782,0.023039,8.855005,0.016679,0.077823,1254130.000000,27.778343,50.524547,0.040874
8,4657,12,5,95,-68.916667,0.981237,3.093768,0.010862,2.829097,0.014508,2.092177,0.017920,9.536998,0.013943,0.063558,1456823.000000,27.225237,50.516801,0.005344
8,4657,12,5,96,-63.916667,0.993386,3.263495,0.010478,3.030137,0.012603,2.272709,0.014473,10.184758,0.011982,0.053693,1567794.000000,26.622429,50.534132,0.009672
8,4657,12,5,97,-58.916667,0.996630,3.435731,0.011254,3.210994,0.012891,2.421097,0.014268,10.757289,0.012205,0.054228,1680201.000000,26.205823,50.496343,0.012738
8,4657,12,5,98,-53.916667,1.002652,3.650139,0.012916,3.444079,0.013695,2.618152,0.014153,11.497666,0.012894,0.056624,1809630.000000,25.477869,50.505868,0.015206
8,4657,12,5,99,-48.916667,0.997146,3.907200,0.013872,3.682670,0.014954,2.791652,0.015733,12.239796,0.014157,0.062069,1978626.000000,25.118784,50.495252,0.020320
8,4657,12,5,100,-43.916667,1.004586,4.192142,0.016108,3.994794,0.019016,3.057353,0.021640,13.230405,0.018252,0.078983,2433622.000000,24.360612,50.560178,-0.013661
8,4657,12,5,101,-38.916667,1.017947,4.582457,0.017035,4.442326,0.020149,3.453250,0.022929,14.654588,0.019437,0.082484,2598529.000000,23.443355,50.544041,-0.008204
