fov,line,cellID,parentID,frame,tTrans,w,L,growthRateL2_0,area,growthRatearea2_0,V,growthRateV2_0,SA,growthRateSA2_0,beta2SA_V_2_0,Itot,xCM,yCM,orientation
7,4,29,28,31,-389.050000,0.898326,3.388800,0.020085,2.871064,0.027506,1.958059,0.034819,9.563780,0.026628,0.130060,1225959.000000,28.007056,40.406274,-0.042532
7,4,29,28,32,-384.050000,0.925032,3.729120,0.018727,3.265925,0.024493,2.298943,0.029929,10.837101,0.023725,0.111839,1339179.000000,27.552967,40.389827,-0.033116
7,4,29,28,33,-379.050000,0.945075,4.087147,0.017451,3.670985,0.022492,2.646112,0.027272,12.134906,0.021807,0.100007,1698067.000000,27.117643,40.437037,-0.016269
7,4,29,28,34,-374.050000,0.966132,4.442356,0.015992,4.091591,0.020560,3.020598,0.024796,13.483409,0.020002,0.089287,1834054.000000,26.528437,40.495647,0.004216
