fov,line,cellID,parentID,frame,tTrans,w,L,growthRateL2_0,area,growthRatearea2_0,V,growthRateV2_0,SA,growthRateSA2_0,beta2SA_V_2_0,Itot,xCM,yCM,orientation
6,4143,10,3,128,95.833333,1.132633,3.910294,0.018476,4.153626,0.015651,3.559438,0.012301,13.913893,0.014196,0.055493,3164787.000000,24.112730,18.850921,-0.018915
6,4143,10,3,129,100.833333,1.110447,4.271522,0.017974,4.478676,0.017216,3.778359,0.015969,14.901517,0.016018,0.063173,3644688.000000,23.070431,18.864020,0.002640
6,4143,10,3,130,105.833333,1.109158,4.678060,0.018208,4.924695,0.019016,4.162808,0.019430,16.300798,0.018029,0.070600,4017832.000000,21.864544,18.818349,-0.014159
6,4143,10,3,131,110.833333,1.108428,5.123289,0.018588,5.415132,0.021202,4.587189,0.023522,17.840460,0.020369,0.079217,4593293.000000,20.277474,18.863084,0.010395
6,4143,10,3,132,115.833333,1.126991,5.630389,0.018013,6.072829,0.021660,5.241802,0.024977,19.934651,0.021011,0.079903,5172426.000000,18.321455,18.861988,0.008856
