fov,line,cellID,parentID,frame,tTrans,w,L,growthRateL2_0,area,growthRatearea2_0,V,growthRateV2_0,SA,growthRateSA2_0,beta2SA_V_2_0,Itot,xCM,yCM,orientation
3,2902,12,10,211,510.483333,0.229662,1.982610,0.129567,0.444011,0.092308,0.078959,0.057942,1.430461,0.088861,1.609839,19734.000000,30.207044,52.411587,-0.509271
3,2902,12,10,212,515.483333,0.201295,3.267013,0.078629,0.648939,0.063158,0.101835,0.044926,2.066019,0.061525,1.248217,26736.000000,27.395693,53.602711,-0.175684
