fov,line,cellID,parentID,frame,tTrans,w,L,growthRateL2_0,area,growthRatearea2_0,V,growthRateV2_0,SA,growthRateSA2_0,beta2SA_V_2_0,Itot,xCM,yCM,orientation
3,2374,26,23,123,70.483333,1.089415,2.982858,0.020067,2.994875,0.016536,2.441920,0.012291,10.208826,0.014450,0.060217,1831158.000000,27.197226,49.604226,-0.057394
3,2374,26,23,124,75.466667,1.061695,3.281140,0.019672,3.241672,0.018535,2.591482,0.016720,10.943960,0.016821,0.071045,2024600.000000,26.481869,49.563489,-0.050064
3,2374,26,23,125,80.483333,1.057110,3.628329,0.019651,3.595729,0.019825,2.875205,0.019462,12.049714,0.018438,0.077410,2243200.000000,25.699407,49.617238,-0.062808
3,2374,26,23,126,85.483333,1.049213,3.995321,0.019053,3.955701,0.019857,3.151989,0.020204,13.169383,0.018685,0.078077,2581140.000000,24.705201,49.555231,0.024283
3,2374,26,23,127,90.483333,1.052221,4.389574,0.018714,4.381201,0.020648,3.512041,0.022204,14.510392,0.019682,0.081327,3042141.000000,23.798914,49.661763,0.038973
3,2374,26,23,128,95.483333,1.059011,4.816765,0.017591,4.860332,0.018495,3.931805,0.019044,16.025291,0.017636,0.071769,3403899.000000,22.675374,49.625745,-0.031989
3,2374,26,23,129,100.466667,1.053751,5.235494,0.016049,5.278616,0.015901,4.259547,0.015440,17.331880,0.015128,0.061356,3565995.000000,21.606176,49.623990,-0.022192
3,2374,29,22,129,100.466667,1.026441,5.322421,0.023651,5.237049,0.031634,4.121078,0.039576,17.162991,0.030867,0.128551,3640066.000000,26.812782,49.609701,-0.010903
3,2374,29,22,130,105.483333,1.059655,5.953932,0.021143,6.068146,0.027301,4.939267,0.033020,19.820673,0.026728,0.107257,4338882.000000,26.058823,49.574261,-0.012092
