fov,line,cellID,parentID,frame,tTrans,w,L,growthRateL2_0,area,growthRatearea2_0,V,growthRateV2_0,SA,growthRateSA2_0,beta2SA_V_2_0,Itot,xCM,yCM,orientation
7,6003,22,17,186,385.950000,1.079005,4.375155,0.028414,4.470965,0.027895,3.671768,0.026705,14.830879,0.026216,0.105892,4001913.000000,26.532643,45.429975,0.021159
7,6003,22,17,187,390.950000,1.068625,4.996727,0.026467,5.094560,0.025737,4.162046,0.024455,16.774930,0.024366,0.098205,4507329.000000,25.748607,45.428118,0.018453
7,6003,22,17,188,395.950000,1.056900,5.697657,0.025932,5.782133,0.024951,4.689581,0.023494,18.918203,0.023787,0.095960,4992849.000000,24.599466,45.452947,0.010265
7,6003,22,17,189,400.950000,1.045999,6.474249,0.023990,6.537262,0.023102,5.263810,0.021818,21.275058,0.022156,0.089549,5437257.000000,23.510125,45.499077,-0.000517
