fov,line,cellID,parentID,frame,tTrans,w,L,growthRateL2_0,area,growthRatearea2_0,V,growthRateV2_0,SA,growthRateSA2_0,beta2SA_V_2_0,Itot,xCM,yCM,orientation
0,2540,8,7,205,480.116667,0.983520,3.424973,0.017398,3.160942,0.019472,2.352968,0.021136,10.582546,0.018384,0.082684,2716724.000000,32.342766,49.437027,0.002215
0,2540,8,7,206,485.116667,0.987982,3.722910,0.018073,3.468693,0.019615,2.601635,0.020736,11.555305,0.018556,0.082417,3175437.000000,32.140216,49.416841,-0.012227
0,2540,8,7,207,490.116667,0.988590,4.097808,0.019219,3.841317,0.020443,2.892443,0.021253,12.726748,0.019403,0.085373,3577896.000000,31.939291,49.493830,-0.048094
0,2540,8,7,208,495.116667,0.989743,4.510457,0.020633,4.253970,0.021631,3.216379,0.022216,14.024674,0.020612,0.089878,3994309.000000,31.805346,49.448162,-0.038973
0,2540,8,7,209,500.116667,0.988616,5.028470,0.020603,4.761482,0.021317,3.606984,0.021658,15.617564,0.020399,0.088323,4419218.000000,31.499003,49.527258,-0.014439
0,2540,9,7,205,480.116667,1.045132,3.059411,0.014933,2.963080,0.025147,2.325774,0.035655,10.045211,0.024661,0.106512,2755670.000000,29.319018,49.525279,0.061229
0,2540,9,7,206,485.116667,1.092434,3.287844,0.014800,3.335646,0.022129,2.740397,0.029121,11.283830,0.021515,0.088588,3401005.000000,28.836570,49.491971,0.064978
0,2540,9,7,207,490.116667,1.119633,3.546020,0.015009,3.701223,0.019418,3.123817,0.023470,12.472887,0.018596,0.074251,3913693.000000,28.300813,49.564874,-0.061352
0,2540,9,7,208,495.116667,1.133500,3.820080,0.014348,4.054337,0.017419,3.473563,0.020138,13.603291,0.016620,0.065086,4250082.000000,27.740186,49.527541,-0.056988
