fov,line,cellID,parentID,frame,tTrans,w,L,growthRateL2_0,area,growthRatearea2_0,V,growthRateV2_0,SA,growthRateSA2_0,beta2SA_V_2_0,Itot,xCM,yCM,orientation
5,742,50,45,177,340.716667,1.137619,2.377819,0.024447,2.427319,0.023236,2.031478,0.020920,8.498171,0.020055,0.083893,1446294.000000,25.150206,32.341278,0.053695
5,742,50,45,178,345.716667,1.115354,2.668476,0.021726,2.709328,0.021178,2.243975,0.019751,9.350310,0.018719,0.077999,1570875.000000,24.478287,32.324003,0.014054
5,742,50,45,179,350.716667,1.102996,2.957564,0.020608,3.001098,0.020491,2.474690,0.019647,10.248448,0.018515,0.076678,1819248.000000,23.927782,32.277363,0.004809
5,742,50,45,180,355.716667,1.092232,3.277969,0.019317,3.324288,0.019698,2.730189,0.019479,11.247848,0.018106,0.074591,2030056.000000,23.093591,32.339735,-0.049357
5,742,50,45,181,360.716667,1.089017,3.590778,0.017423,3.655908,0.018142,3.006503,0.018381,12.284934,0.016884,0.068990,2195807.000000,22.340018,32.266484,-0.042106
