fov,line,cellID,parentID,frame,tTrans,w,L,growthRateL2_0,area,growthRatearea2_0,V,growthRateV2_0,SA,growthRateSA2_0,beta2SA_V_2_0,Itot,xCM,yCM,orientation
9,6757,5,2,150,206.200000,0.968739,3.451522,0.008499,3.142230,0.021739,2.305975,0.035947,10.504304,0.022046,0.100425,3038832.000000,32.235384,49.305838,-0.035727
9,6757,5,2,151,211.200000,1.031681,3.598196,0.008153,3.483776,0.019608,2.720438,0.030470,11.662193,0.019857,0.085125,3328609.000000,32.053587,49.257741,-0.049013
