fov,line,cellID,parentID,frame,tTrans,w,L,growthRateL2_0,area,growthRatearea2_0,V,growthRateV2_0,SA,growthRateSA2_0,beta2SA_V_2_0,Itot,xCM,yCM,orientation
8,9228,11,5,70,-193.916667,0.966396,4.177511,0.020697,3.836708,0.017804,2.827919,0.014450,12.683015,0.016551,0.074229,1938118.000000,25.316712,50.693265,-0.031026
8,9228,11,5,71,-188.916667,0.948242,4.609810,0.018756,4.178255,0.016349,3.032237,0.013476,13.732582,0.015286,0.069227,2222915.000000,24.439243,50.725820,-0.054749
