fov,line,cellID,parentID,frame,tTrans,w,L,growthRateL2_0,area,growthRatearea2_0,V,growthRateV2_0,SA,growthRateSA2_0,beta2SA_V_2_0,Itot,xCM,yCM,orientation
6,1,28,20,33,-379.166667,0.909145,2.407926,0.013534,2.011777,0.015575,1.366417,0.017217,6.877433,0.014453,0.072746,998993.000000,32.441068,6.425779,-0.036526
6,1,28,20,34,-374.166667,0.913060,2.570868,0.011958,2.168448,0.011554,1.484046,0.010757,7.374440,0.010468,0.052019,1043213.000000,32.414366,6.440850,-0.061127
6,1,28,20,35,-369.166667,0.896709,2.715357,0.011605,2.262326,0.010042,1.526060,0.008049,7.649417,0.008945,0.044839,1082259.000000,32.426911,6.431147,-0.049760
6,1,28,20,36,-364.166667,0.888833,2.885993,0.012007,2.395625,0.011405,1.606875,0.010434,8.058706,0.010443,0.052373,1198268.000000,32.294864,6.498774,-0.053838
6,1,28,20,37,-359.166667,0.882719,3.061864,0.011781,2.535548,0.011492,1.693720,0.010872,8.490985,0.010638,0.053333,1105609.000000,32.239975,6.553245,-0.007113
6,1,28,20,38,-354.166667,0.878646,3.246700,0.012000,2.687022,0.013038,1.791023,0.013799,8.962017,0.012308,0.061588,1390471.000000,32.070906,6.553120,0.002075
6,1,28,20,39,-349.166667,0.884803,3.451478,0.012475,2.885871,0.015880,1.940862,0.019105,9.594039,0.015310,0.075681,1317706.000000,32.150481,12.836134,0.023434
6,1,28,20,40,-344.166667,0.902913,3.677264,0.012280,3.145296,0.016496,2.161834,0.020443,10.430877,0.016045,0.077419,1436189.000000,32.023240,13.011948,0.047288
