fov,line,cellID,parentID,frame,tTrans,w,L,growthRateL2_0,area,growthRatearea2_0,V,growthRateV2_0,SA,growthRateSA2_0,beta2SA_V_2_0,Itot,xCM,yCM,orientation
3,3476,8,6,107,-9.516667,1.156848,2.963111,0.016669,3.140668,0.015117,2.709195,0.012925,10.768968,0.013339,0.053024,2130842.000000,20.277867,50.017591,-0.011815
3,3476,8,6,108,-4.516667,1.139071,3.210070,0.015867,3.378056,0.015512,2.884274,0.014602,11.487230,0.014036,0.055810,2021102.000000,19.171980,49.974646,0.042721
3,3476,8,6,109,0.466667,1.134997,3.471601,0.015681,3.663803,0.016258,3.129658,0.016368,12.378681,0.015025,0.059428,2360699.000000,18.071040,49.910649,-0.075605
3,3476,8,6,110,5.483333,1.131599,3.754441,0.015564,3.973720,0.016176,3.396541,0.016362,13.347121,0.015065,0.059298,2644603.000000,16.828748,49.877964,-0.071164
3,3476,8,6,111,10.483333,1.129272,4.056910,0.014911,4.307682,0.015505,3.686312,0.015721,14.392750,0.014530,0.056730,2800183.000000,15.609582,49.853150,-0.027263
