fov,line,cellID,parentID,frame,tTrans,w,L,growthRateL2_0,area,growthRatearea2_0,V,growthRateV2_0,SA,growthRateSA2_0,beta2SA_V_2_0,Itot,xCM,yCM,orientation
7,2302,5,1,133,120.950000,0.980640,2.825590,0.061789,2.564514,0.067955,1.887230,0.072323,8.704996,0.063036,0.290756,578271.000000,33.306151,39.975917,-0.014644
7,2302,5,1,134,125.950000,0.985310,3.698539,0.048226,3.435865,0.053539,2.569679,0.057813,11.448618,0.050731,0.226019,3619886.000000,32.199054,46.230555,-0.009819
7,2302,5,1,135,130.950000,1.002251,4.609245,0.035273,4.404053,0.040753,3.372839,0.045649,14.512970,0.039219,0.168755,4193443.000000,31.950421,46.221953,-0.013357
7,2302,5,1,136,135.950000,1.024721,5.324356,0.026862,5.230636,0.031605,4.109349,0.035846,17.140465,0.030658,0.127879,5045050.000000,31.637470,46.272157,-0.004167
