fov,line,cellID,parentID,frame,tTrans,w,L,growthRateL2_0,area,growthRatearea2_0,V,growthRateV2_0,SA,growthRateSA2_0,beta2SA_V_2_0,Itot,xCM,yCM,orientation
18,7773,10,8,141,162.283333,1.135378,2.955376,0.023030,3.078830,0.026021,2.608984,0.028301,10.541518,0.024023,0.097064,2487246.000000,22.785983,48.228400,0.008577
18,7773,10,8,142,167.283333,1.140432,3.295691,0.021553,3.479402,0.023493,2.978162,0.024786,11.807706,0.021793,0.086404,2823506.000000,21.773382,48.245375,0.002160
18,7773,10,8,143,172.283333,1.138815,3.665703,0.021131,3.896241,0.021879,3.347163,0.022027,13.114762,0.020319,0.079614,3138351.000000,20.660554,48.241891,-0.020958
18,7773,10,8,144,177.283333,1.131798,4.070290,0.019880,4.331849,0.020112,3.715438,0.019824,14.472522,0.018763,0.073087,3382916.000000,19.497590,48.213439,-0.015763
