fov,line,cellID,parentID,frame,tTrans,w,L,growthRateL2_0,area,growthRatearea2_0,V,growthRateV2_0,SA,growthRateSA2_0,beta2SA_V_2_0,Itot,xCM,yCM,orientation
16,2,31,16,29,-397.950000,0.941016,3.504781,0.017352,3.108024,0.011697,2.219350,0.005644,10.361149,0.010286,0.048019,1470291.000000,28.934482,27.616917,0.027453
16,2,31,16,30,-392.950000,0.910425,3.808848,0.016698,3.289792,0.012137,2.281982,0.007063,10.894005,0.010913,0.052100,1611971.000000,28.464795,27.640263,0.027911
16,2,31,16,31,-387.950000,0.887878,4.140769,0.015442,3.507320,0.011752,2.380516,0.007666,11.550055,0.010778,0.052292,1608418.000000,27.870256,27.663322,0.006351
16,2,31,16,32,-382.950000,0.868636,4.448252,0.013825,3.701988,0.010517,2.464470,0.006813,12.138834,0.009701,0.047781,1790268.000000,27.327734,27.683508,-0.012785
