fov,line,cellID,parentID,frame,tTrans,w,L,growthRateL2_0,area,growthRatearea2_0,V,growthRateV2_0,SA,growthRateSA2_0,beta2SA_V_2_0,Itot,xCM,yCM,orientation
10,4066,53,45,178,346.316667,0.897009,2.826866,0.025034,2.363051,0.041185,1.597487,0.058127,7.966215,0.040290,0.200914,1984447.000000,27.170841,15.404551,-0.011827
10,4066,53,45,179,351.316667,0.957820,3.180709,0.023417,2.849666,0.035934,2.061776,0.048119,9.571006,0.035123,0.163044,2211557.000000,27.147587,15.349265,0.012467
10,4066,53,45,180,356.316667,1.009535,3.571698,0.022840,3.387040,0.032230,2.589595,0.041168,11.327810,0.031312,0.136970,2412628.000000,27.084076,15.336796,-0.030470
10,4066,53,45,181,361.316667,1.044817,3.996472,0.021257,3.941314,0.028126,3.127872,0.034418,13.117979,0.027293,0.114466,2890445.000000,27.594902,15.317618,-0.044634
