fov,line,cellID,parentID,frame,tTrans,w,L,growthRateL2_0,area,growthRatearea2_0,V,growthRateV2_0,SA,growthRateSA2_0,beta2SA_V_2_0,Itot,xCM,yCM,orientation
14,5593,20,16,146,186.800000,0.955541,4.720088,0.015701,4.314295,0.012600,3.156435,0.009196,14.169334,0.011737,0.052686,3546086.000000,31.512161,49.423327,-0.006556
14,5593,20,16,147,191.800000,0.937980,5.090636,0.015129,4.586105,0.012227,3.301571,0.009010,15.000830,0.011453,0.052038,3968678.000000,31.296919,49.409441,-0.002150
14,5593,20,16,148,196.800000,0.921104,5.490273,0.014558,4.875039,0.011854,3.453891,0.008820,15.887393,0.011161,0.051337,3892703.000000,31.056964,49.403853,0.002515
