fov,line,cellID,parentID,frame,tTrans,w,L,growthRateL2_0,area,growthRatearea2_0,V,growthRateV2_0,SA,growthRateSA2_0,beta2SA_V_2_0,Itot,xCM,yCM,orientation
11,8819,45,43,99,-48.566667,0.965275,2.330793,0.001108,2.049899,0.011612,1.470210,0.023065,7.068130,0.012686,0.060987,1215213.000000,26.100006,23.583071,-0.011290
11,8819,45,43,100,-43.566667,1.020843,2.343710,0.008116,2.168918,0.015378,1.639764,0.022379,7.516446,0.015228,0.069804,1221811.000000,25.162471,23.588646,-0.003198
11,8819,45,43,101,-38.566667,1.036969,2.521001,0.014597,2.383437,0.018891,1.837170,0.022796,8.212749,0.017784,0.079500,1368073.000000,22.176180,23.584511,-0.046667
11,8819,45,43,102,-33.566667,1.053754,2.711702,0.022957,2.619172,0.022805,2.058557,0.021858,8.976993,0.020628,0.089955,1565432.000000,20.955880,23.597046,-0.035587
11,8819,45,43,103,-28.566667,1.019122,3.143524,0.027474,2.980748,0.024261,2.287136,0.019988,10.064517,0.021611,0.095099,1511682.000000,22.853238,23.546374,-0.045689
