fov,line,cellID,parentID,frame,tTrans,w,L,growthRateL2_0,area,growthRatearea2_0,V,growthRateV2_0,SA,growthRateSA2_0,beta2SA_V_2_0,Itot,xCM,yCM,orientation
10,5651,8,5,127,91.316667,0.870458,3.051565,0.037828,2.493656,0.050975,1.643299,0.064043,8.344884,0.049035,0.249007,1771692.000000,32.091131,16.039911,0.018118
10,5651,8,5,128,96.316667,0.911476,3.628741,0.030794,3.129222,0.039935,2.169507,0.048531,10.390851,0.038645,0.185089,2252787.000000,31.964002,16.055899,0.017880
10,5651,8,5,129,101.316667,0.943736,4.169002,0.027216,3.743306,0.034902,2.696191,0.042186,12.360404,0.033849,0.155179,2969987.000000,32.299221,16.027013,-0.008868
10,5651,8,5,130,106.316667,0.973952,4.763373,0.015158,4.435729,0.021401,3.306914,0.027472,14.574779,0.021002,0.092562,3652811.000000,32.088565,16.062597,-0.012938
10,5651,8,5,131,111.316667,1.003626,4.891029,0.003277,4.692604,0.008136,3.604658,0.012984,15.421342,0.008217,0.035153,4113750.000000,31.747078,16.044953,-0.006781
10,5651,8,5,132,116.316667,1.024166,4.923655,-0.003000,4.817542,0.000678,3.774949,0.004488,15.841924,0.001014,0.004257,4682713.000000,31.431463,16.068136,0.002961
10,5651,8,5,133,121.316667,1.045666,4.743312,-0.014899,4.725269,-0.011661,3.774073,-0.008045,15.582042,-0.010694,-0.044152,3753313.000000,32.591302,9.729048,0.006844
10,5651,8,5,134,126.316667,1.070027,4.216931,-0.024965,4.266520,-0.021505,3.471326,-0.017443,14.175590,-0.019843,-0.081033,4095699.000000,32.419910,9.765195,0.002689
