fov,line,cellID,parentID,frame,tTrans,w,L,growthRateL2_0,area,growthRatearea2_0,V,growthRateV2_0,SA,growthRateSA2_0,beta2SA_V_2_0,Itot,xCM,yCM,orientation
12,3379,10,2,94,-73.433333,0.790670,1.553584,0.079976,1.094212,0.129114,0.633402,0.183997,3.859044,0.122075,0.743753,470221.000000,25.701845,44.779290,0.486356
12,3379,10,2,95,-68.433333,0.909561,2.174831,0.057092,1.800601,0.074567,1.216122,0.089423,6.214516,0.070669,0.361126,1514362.000000,21.547709,44.769897,0.022935
12,3379,10,2,96,-63.433333,0.939564,2.795238,0.050722,2.436858,0.061445,1.720889,0.071025,8.250778,0.058017,0.278159,1772469.000000,20.428622,44.769296,0.028899
12,3379,10,2,97,-58.433333,0.974727,3.592628,0.041221,3.297941,0.040954,2.438377,0.039697,11.001331,0.038449,0.173474,1665785.000000,22.632465,44.740856,-0.060404
12,3379,10,2,98,-53.433333,0.929047,4.276144,0.031969,3.787509,0.025852,2.688860,0.018631,12.480723,0.023707,0.110039,1824889.000000,21.809353,44.743502,-0.015567
