fov,line,cellID,parentID,frame,tTrans,w,L,growthRateL2_0,area,growthRatearea2_0,V,growthRateV2_0,SA,growthRateSA2_0,beta2SA_V_2_0,Itot,xCM,yCM,orientation
24,2633,5,2,137,143.016667,0.183319,3.330863,0.058575,0.603399,0.037736,0.086302,0.018244,1.918291,0.036911,0.820443,16541.000000,25.982457,1.491787,-0.019652
24,2633,5,2,138,148.016667,0.167960,4.306383,0.045306,0.717248,0.031746,0.094175,0.016719,2.272321,0.031160,0.751858,17592.000000,27.745387,1.375244,0.112628
