fov,line,cellID,parentID,frame,tTrans,w,L,growthRateL2_0,area,growthRatearea2_0,V,growthRateV2_0,SA,growthRateSA2_0,beta2SA_V_2_0,Itot,xCM,yCM,orientation
20,2717,26,21,129,102.533333,0.818006,2.869870,0.020280,2.203973,0.026455,1.364924,0.032384,7.375110,0.025414,0.137318,1275111.000000,24.339337,36.565023,0.058009
20,2717,26,21,130,107.533333,0.837070,3.160873,0.018738,2.495504,0.024212,1.585933,0.029364,8.312253,0.023360,0.122434,1343358.000000,23.446030,36.542678,0.009604
20,2717,26,21,131,112.533333,0.856585,3.462162,0.018291,2.808176,0.025662,1.830620,0.032925,9.316824,0.024996,0.127217,1817487.000000,22.660102,36.600581,0.092771
20,2717,26,21,132,117.533333,0.892739,3.794136,0.017499,3.216139,0.025370,2.188665,0.032718,10.641117,0.024890,0.121014,1924607.000000,21.621688,36.594220,0.086313
20,2717,31,26,133,122.533333,0.790329,2.173043,0.012520,1.583375,0.031220,0.936803,0.051771,5.395431,0.031733,0.182763,934288.000000,19.377034,36.518860,0.149185
20,2717,31,26,134,127.533333,0.861781,2.309071,0.011459,1.830535,0.025282,1.179299,0.038933,6.251496,0.025506,0.135207,1261844.000000,18.188918,36.473305,0.144726
20,2717,31,26,135,132.533333,0.912753,2.437641,0.008789,2.046174,0.018218,1.395939,0.027551,6.989927,0.018295,0.091607,1356048.000000,16.565743,36.531129,0.067640
20,2717,31,26,136,137.533333,0.949922,2.523325,0.006791,2.203315,0.014264,1.563889,0.021479,7.530276,0.014351,0.069103,1474801.000000,14.758118,36.478551,0.079610
