fov,line,cellID,parentID,frame,tTrans,w,L,growthRateL2_0,area,growthRatearea2_0,V,growthRateV2_0,SA,growthRateSA2_0,beta2SA_V_2_0,Itot,xCM,yCM,orientation
28,7979,14,9,103,-26.500000,0.952879,4.957144,0.015852,4.528704,0.014473,3.308554,0.012793,14.839496,0.013713,0.061507,2287396.000000,29.960875,50.342461,0.011712
28,7979,14,9,104,-21.500000,0.943439,5.350042,0.015436,4.856425,0.016829,3.520183,0.018009,15.856991,0.016239,0.073148,2492442.000000,29.573725,50.334532,0.015069
28,7979,14,9,105,-16.500000,0.958533,5.782994,0.015502,5.346015,0.017605,3.942514,0.019471,17.414439,0.017099,0.075530,2616744.000000,29.237242,50.330198,0.017516
28,7979,14,9,106,-11.500000,0.959780,6.246522,0.015304,5.797603,0.017090,4.287843,0.018692,18.834756,0.016608,0.072953,2918773.000000,28.766201,50.241566,0.009419
28,7979,14,9,107,-6.500000,0.970314,6.738953,0.015324,6.336849,0.017978,4.744012,0.020460,20.542555,0.017560,0.076038,3054407.000000,28.342702,50.241848,-0.002415
28,7979,14,9,108,-1.500000,0.981359,7.279208,0.015250,6.936839,0.016224,5.258487,0.017003,22.442014,0.015793,0.067401,3211099.000000,27.968333,50.209894,-0.003502
28,7979,14,9,109,3.500000,0.976819,7.849021,0.014519,7.462307,0.014083,5.638107,0.013466,24.086826,0.013657,0.058346,3465304.000000,27.566420,50.158656,-0.000456
