fov,line,cellID,parentID,frame,tTrans,w,L,growthRateL2_0,area,growthRatearea2_0,V,growthRateV2_0,SA,growthRateSA2_0,beta2SA_V_2_0,Itot,xCM,yCM,orientation
24,3596,66,57,195,433.016667,1.103053,3.414399,0.028372,3.505152,0.027747,2.911486,0.026248,11.832068,0.025473,0.103521,2862499.000000,28.094423,32.193858,-0.010347
24,3596,66,57,196,438.016667,1.089054,3.898758,0.026268,3.991433,0.025797,3.293588,0.024615,13.339074,0.023973,0.097091,3311933.000000,27.479633,32.233375,-0.002659
24,3596,66,57,197,443.016667,1.077868,4.438527,0.025739,4.534821,0.025208,3.722200,0.024071,15.029833,0.023681,0.095621,3793685.000000,26.898829,32.235969,-0.015123
24,3596,66,57,198,448.016667,1.066991,5.041179,0.023909,5.134575,0.023361,4.189563,0.022311,16.898289,0.022114,0.089196,4336756.000000,25.972105,32.270007,-0.002205
