fov,line,cellID,parentID,frame,tTrans,w,L,growthRateL2_0,area,growthRatearea2_0,V,growthRateV2_0,SA,growthRateSA2_0,beta2SA_V_2_0,Itot,xCM,yCM,orientation
20,5655,25,22,140,157.533333,0.823512,3.905179,0.021747,3.070425,0.038807,1.933825,0.057031,10.103242,0.038467,0.200971,2474973.000000,32.259096,49.083164,0.056112
20,5655,25,22,141,162.533333,0.885605,4.329813,0.019336,3.666194,0.029676,2.485261,0.039524,12.046454,0.029260,0.141829,2722060.000000,32.055534,49.041903,0.045440
20,5655,25,22,142,167.533333,0.914720,4.742381,0.018607,4.158389,0.024220,2.916095,0.029543,13.628069,0.023638,0.110471,4065303.000000,31.695725,42.753869,-0.000793
20,5655,25,22,143,172.533333,0.932407,5.212226,0.019177,4.673346,0.023286,3.346752,0.027132,15.267882,0.022660,0.103373,4267425.000000,31.422766,42.674371,-0.010462
20,5655,25,22,144,177.533333,0.947273,5.741941,0.027278,5.246620,0.029030,3.824152,0.030354,17.087715,0.028075,0.125447,4441537.000000,30.526203,42.674760,-0.006640
20,5655,25,22,145,182.533333,0.942233,6.778522,0.033748,6.196420,0.036023,4.507516,0.037907,20.065176,0.035003,0.155814,4805520.000000,30.698867,42.667663,-0.007791
20,5655,25,22,146,187.533333,0.955815,8.029577,0.039068,7.478730,0.043863,5.532817,0.048313,24.111053,0.042926,0.187064,5450905.000000,28.325992,42.662280,-0.008821
20,5655,25,22,147,192.533333,0.976393,9.915490,0.049009,9.476827,0.057327,7.180572,0.065485,30.415065,0.056392,0.238864,7781570.000000,27.836832,36.448305,-0.001502
20,5655,25,22,148,197.533333,1.019034,12.889032,0.046141,12.911515,0.053203,10.235022,0.059686,41.262822,0.052579,0.211973,7788087.000000,22.984559,36.443145,-0.002975
