fov,line,cellID,parentID,frame,tTrans,w,L,growthRateL2_0,area,growthRatearea2_0,V,growthRateV2_0,SA,growthRateSA2_0,beta2SA_V_2_0,Itot,xCM,yCM,orientation
26,6225,13,7,212,518.250000,1.195704,2.694491,0.027896,2.914995,0.025997,2.578067,0.022920,10.121622,0.022656,0.088947,2144701.000000,23.909202,47.277342,-0.031874
26,6225,13,7,213,523.250000,1.168208,3.070319,0.025066,3.293902,0.022223,2.873516,0.018432,11.268175,0.019524,0.076562,2478725.000000,22.808652,47.279237,-0.015683
26,6225,13,7,214,528.250000,1.132216,3.464090,0.023071,3.646996,0.018327,3.107709,0.012785,12.321630,0.016073,0.063727,2811174.000000,21.498922,47.283251,-0.016594
26,6225,13,7,215,533.250000,1.089841,3.869522,0.020955,3.962271,0.015914,3.270832,0.009974,13.248614,0.013994,0.056682,3032431.000000,20.228335,47.328584,-0.022295
