fov,line,cellID,parentID,frame,tTrans,w,L,growthRateL2_0,area,growthRatearea2_0,V,growthRateV2_0,SA,growthRateSA2_0,beta2SA_V_2_0,Itot,xCM,yCM,orientation
26,2844,5,2,192,418.250000,1.106996,3.528313,0.015519,3.642846,0.017032,3.040707,0.018131,12.270518,0.015937,0.064314,2972712.000000,19.215640,47.250815,0.051586
26,2844,5,2,193,423.250000,1.109144,3.802095,0.014960,3.953067,0.016364,3.316355,0.017391,13.248316,0.015393,0.061491,3355319.000000,18.027042,47.269956,0.043450
26,2844,5,2,194,428.250000,1.111744,4.097121,0.014402,4.289706,0.015695,3.617470,0.016648,14.309792,0.014836,0.058686,3279725.000000,16.695727,47.193579,0.004131
