fov,line,cellID,parentID,frame,tTrans,w,L,growthRateL2_0,area,growthRatearea2_0,V,growthRateV2_0,SA,growthRateSA2_0,beta2SA_V_2_0,Itot,xCM,yCM,orientation
37,6516,2,1,194,429.583333,0.779456,8.580440,-0.002087,6.557697,0.000000,3.970354,0.002147,21.011218,0.000086,0.000456,4366357.000000,26.277654,47.848096,0.021193
37,6516,2,1,195,434.583333,0.788017,8.490883,-0.002109,6.557697,0.000000,4.012972,0.002124,21.020265,0.000086,0.000451,4249797.000000,26.243939,47.844762,0.019479
