fov,line,cellID,parentID,frame,tTrans,w,L,growthRateL2_0,area,growthRatearea2_0,V,growthRateV2_0,SA,growthRateSA2_0,beta2SA_V_2_0,Itot,xCM,yCM,orientation
34,7247,26,22,191,414.216667,0.244836,2.431755,0.009977,0.582517,-0.013354,0.110646,-0.034338,1.870444,-0.013996,-0.236599,18331.000000,27.365145,0.835438,-0.037958
34,7247,26,22,192,419.216667,0.216883,2.553065,0.001127,0.543622,-0.009403,0.091649,-0.021538,1.739551,-0.009676,-0.183655,21019.000000,19.058828,1.278560,-0.386643
34,7247,26,22,193,424.216667,0.220198,2.460529,-0.013618,0.531398,0.003396,0.090906,0.023437,1.702126,0.004140,0.077519,15545.000000,30.389649,1.446653,0.381172
34,7247,26,22,194,429.216667,0.259762,2.217986,-0.019118,0.561667,0.009222,0.112955,0.037246,1.810020,0.010438,0.167264,12265.000000,28.302937,0.475577,0.138996
34,7247,26,22,195,434.216667,0.295577,2.036502,-0.018351,0.583194,0.020415,0.132978,0.066395,1.891058,0.022698,0.322792,21644.000000,17.814948,0.798274,-0.458717
34,7247,26,22,196,439.216667,0.386483,1.844271,-0.014647,0.680724,0.031728,0.201246,0.078643,2.239261,0.034622,0.385237,22923.000000,18.249142,0.765831,-0.622161
34,7247,26,22,197,444.216667,0.480485,1.766380,-0.008819,0.799175,0.029643,0.291242,0.061802,2.666332,0.032034,0.293275,29369.000000,28.110877,0.826163,0.118476
