fov,line,cellID,parentID,frame,tTrans,w,L,growthRateL2_0,area,growthRatearea2_0,V,growthRateV2_0,SA,growthRateSA2_0,beta2SA_V_2_0,Itot,xCM,yCM,orientation
32,4115,16,7,171,313.983333,1.060750,3.010976,0.026750,2.952427,0.027675,2.348400,0.027739,10.033916,0.025404,0.108542,2147231.000000,32.015376,4.199348,0.014339
32,4115,16,7,172,318.983333,1.054453,3.413694,0.024918,3.360971,0.025431,2.674110,0.025231,11.308415,0.023570,0.099675,2600823.000000,31.712739,4.113838,0.022036
32,4115,16,7,173,323.983333,1.046798,3.861610,0.024092,3.807167,0.024237,3.023109,0.023764,12.699339,0.022661,0.095191,2851509.000000,31.567322,4.103822,-0.006848
32,4115,16,7,174,328.983333,1.039489,4.344052,0.022212,4.283709,0.022249,3.392534,0.021779,14.186157,0.020962,0.087652,3213548.000000,31.340855,4.056019,-0.007956
32,4115,17,7,171,313.983333,1.118926,2.865525,0.026794,2.937631,0.026704,2.450963,0.025634,10.072926,0.024065,0.098902,2303790.000000,29.183691,4.197694,0.041555
32,4115,17,7,172,318.983333,1.105464,3.249416,0.024861,3.329859,0.026339,2.765106,0.027068,11.284957,0.024304,0.099188,2677662.000000,28.502833,4.130867,0.023665
32,4115,17,7,173,323.983333,1.110514,3.673371,0.024535,3.814674,0.028073,3.199431,0.031033,12.815592,0.026490,0.106106,2974626.000000,27.879604,4.105348,0.002168
32,4115,17,7,174,328.983333,1.125767,4.150691,0.023000,4.400734,0.026635,3.757974,0.029726,14.679751,0.025398,0.099211,3478458.000000,27.264312,4.043930,0.002048
