fov,line,cellID,parentID,frame,tTrans,w,L,growthRateL2_0,area,growthRatearea2_0,V,growthRateV2_0,SA,growthRateSA2_0,beta2SA_V_2_0,Itot,xCM,yCM,orientation
9,6239,3,2,169,353.566667,1.042330,4.592701,0.022606,4.553956,0.021160,3.622468,0.019215,15.039152,0.019895,0.082597,1164900.000000,15.174341,47.673560,-0.047055
9,6239,3,2,170,358.883333,1.028921,5.144680,0.020180,5.066276,0.019020,3.992544,0.017434,16.629928,0.017992,0.074941,1327566.000000,15.336986,47.692742,-0.050496
9,6239,8,4,170,358.883333,1.117106,2.457554,0.025145,2.477542,0.023203,2.043730,0.020171,8.624769,0.020078,0.084889,642802.000000,19.169291,47.487863,-0.037774
9,6239,8,4,171,364.200000,1.090561,2.786093,0.027997,2.783173,0.026791,2.262906,0.024505,9.545427,0.023851,0.100641,734780.000000,20.030301,47.413719,-0.054560
9,6239,8,4,172,369.500000,1.069716,3.285670,0.031260,3.269168,0.030498,2.632456,0.028751,11.041866,0.027896,0.116861,783589.000000,20.767454,47.372867,-0.069239
9,6239,8,4,173,374.800000,1.052354,3.874826,0.036587,3.840026,0.036454,3.065167,0.035366,12.810430,0.034031,0.142272,880342.000000,21.645057,47.265301,-0.059357
9,6239,8,4,174,380.116667,1.041160,4.790795,0.035961,4.755352,0.036204,3.783324,0.035703,15.670212,0.034326,0.142442,1558745.000000,21.726176,40.961298,-0.059222
