fov,line,cellID,parentID,frame,tTrans,w,L,growthRateL2_0,area,growthRatearea2_0,V,growthRateV2_0,SA,growthRateSA2_0,beta2SA_V_2_0,Itot,xCM,yCM,orientation
7,3842,16,8,102,-2.583333,0.835615,3.099079,0.018316,2.439791,0.019942,1.546802,0.021143,8.135584,0.018844,0.099235,349953.000000,15.116179,46.693163,-0.014593
7,3842,16,8,103,2.733333,0.837749,3.400874,0.016733,2.698468,0.019430,1.720675,0.021826,8.950650,0.018588,0.096663,327106.000000,14.906323,40.434298,-0.051659
7,3842,16,8,104,8.033333,0.851118,3.703238,0.014534,2.996433,0.017318,1.945520,0.019828,9.901958,0.016682,0.084877,348423.000000,15.093586,40.370859,-0.066458
7,3842,16,8,105,13.350000,0.857767,3.972284,0.012739,3.249398,0.014643,2.130230,0.016309,10.704330,0.014099,0.070934,388299.000000,15.161925,40.388853,-0.067706
