fov,line,cellID,parentID,frame,tTrans,w,L,growthRateL2_0,area,growthRatearea2_0,V,growthRateV2_0,SA,growthRateSA2_0,beta2SA_V_2_0,Itot,xCM,yCM,orientation
7,6189,3,1,132,156.750000,1.086411,4.050526,-0.012038,4.147245,-0.009475,3.419126,-0.006487,13.824695,-0.008489,-0.034273,1118747.000000,22.783604,46.259250,-0.039114
7,6189,3,1,133,162.050000,1.108234,3.792107,0.003580,3.938972,0.004829,3.301575,0.005986,13.202675,0.004654,0.018583,945380.000000,22.598051,52.539657,-0.025679
7,6189,3,1,134,167.350000,1.098567,4.194427,0.019474,4.348867,0.018902,3.628624,0.017833,14.476017,0.017637,0.070363,1041198.000000,23.435345,52.505345,-0.052577
7,6189,3,1,135,172.666667,1.087139,4.659319,0.032381,4.811696,0.030932,3.988589,0.028755,15.913196,0.029093,0.116259,1130113.000000,24.578101,52.445495,-0.054808
7,6189,3,1,136,177.983333,1.064865,5.798713,0.049435,5.931501,0.046299,4.848169,0.042302,19.398851,0.044098,0.176455,1661109.000000,26.790311,46.022331,-0.045950
7,6189,3,1,137,183.283333,1.032913,7.702683,0.046638,7.727243,0.043847,6.165947,0.040324,24.995151,0.042244,0.170987,1841755.000000,28.123639,45.886294,-0.046671
