fov,line,cellID,parentID,frame,tTrans,w,L,growthRateL2_0,area,growthRatearea2_0,V,growthRateV2_0,SA,growthRateSA2_0,beta2SA_V_2_0,Itot,xCM,yCM,orientation
6,5098,36,34,131,151.266667,0.929152,4.353162,0.017025,3.859478,0.017200,2.741668,0.017031,12.706952,0.016356,0.075805,983176.000000,14.033725,17.863280,-0.060267
6,5098,36,34,132,156.583333,0.926122,4.747187,0.015612,4.212409,0.015759,2.989926,0.015617,13.811929,0.015047,0.069511,1069377.000000,14.289149,17.853505,-0.068687
