fov,line,cellID,parentID,frame,tTrans,w,L,growthRateL2_0,area,growthRatearea2_0,V,growthRateV2_0,SA,growthRateSA2_0,beta2SA_V_2_0,Itot,xCM,yCM,orientation
0,8872,10,4,93,-51.483333,1.097556,2.351524,0.022984,2.322414,0.025286,1.878672,0.026692,8.108230,0.022703,0.097826,366396.000000,23.343122,50.939526,0.014340
0,8872,10,4,94,-46.183333,1.096101,2.637970,0.020700,2.633651,0.019933,2.144444,0.018383,9.083858,0.017671,0.074852,426202.000000,23.955047,50.903970,0.031409
0,8872,10,4,95,-40.866667,1.065550,2.931259,0.019955,2.879744,0.019776,2.297185,0.018869,9.812458,0.017852,0.076251,470635.000000,24.445718,50.890782,0.009188
0,8872,10,4,96,-35.566667,1.068880,3.258976,0.019143,3.238272,0.019777,2.604639,0.019839,10.943598,0.018284,0.076817,453504.000000,24.864370,50.850113,0.073649
0,8872,10,4,97,-30.250000,1.057320,3.593600,0.018358,3.559677,0.018111,2.845793,0.017340,11.936751,0.016761,0.070409,543474.000000,25.642158,50.865263,0.056990
0,8872,10,4,98,-24.933333,1.050536,3.960473,0.018805,3.923778,0.022244,3.129350,0.025388,13.070967,0.021218,0.088620,603717.000000,26.207274,50.807032,0.031445
0,8872,10,4,99,-19.633333,1.080409,4.384287,0.018978,4.486321,0.024182,3.689269,0.029039,14.881166,0.023373,0.094124,662272.000000,27.036719,50.774955,0.025537
0,8872,10,4,100,-14.333333,1.101549,4.842425,0.019704,5.073766,0.024473,4.264948,0.028940,16.757777,0.023659,0.092954,766144.000000,27.790390,50.772747,0.021303
0,8872,10,4,101,-9.016667,1.125866,5.397298,0.019337,5.804609,0.023682,4.999661,0.027640,19.090304,0.022981,0.087883,847932.000000,28.598111,50.694844,-0.002975
