fov,line,cellID,parentID,frame,tTrans,w,L,growthRateL2_0,area,growthRatearea2_0,V,growthRateV2_0,SA,growthRateSA2_0,beta2SA_V_2_0,Itot,xCM,yCM,orientation
7,9732,13,1,102,-2.583333,0.814623,1.664983,0.070959,1.213922,0.090872,0.726260,0.109384,4.261048,0.083249,0.488889,176595.000000,14.930887,53.019738,-0.021116
7,9732,13,1,103,2.733333,0.853270,2.293125,0.046314,1.800410,0.054672,1.148625,0.061554,6.147012,0.051210,0.273887,272548.000000,14.730249,46.739621,-0.010996
7,9732,13,1,104,8.033333,0.866651,2.792514,0.037357,2.258950,0.043109,1.476890,0.047959,7.603076,0.040663,0.209205,430658.000000,15.295509,46.604945,-0.068319
7,9732,13,1,105,13.350000,0.882609,3.400658,0.023883,2.834275,0.025107,1.900602,0.025752,9.429333,0.023738,0.117881,435395.000000,15.428410,46.609433,-0.063798
7,9732,13,1,106,18.666667,0.869150,3.656148,0.013143,3.015627,0.011311,1.997328,0.009109,9.983170,0.010435,0.052204,440461.000000,15.485646,46.798054,-0.005375
