fov,line,cellID,parentID,frame,tTrans,w,L,growthRateL2_0,area,growthRatearea2_0,V,growthRateV2_0,SA,growthRateSA2_0,beta2SA_V_2_0,Itot,xCM,yCM,orientation
9,9179,6,3,202,528.766667,1.138757,3.495117,0.028923,3.701799,0.026150,3.173101,0.022477,12.503815,0.023696,0.093346,1038243.000000,18.722597,47.351378,-0.037844
9,9179,6,3,203,534.066667,1.111403,4.030886,0.026856,4.214859,0.025595,3.551106,0.023572,14.074141,0.023685,0.093987,1197925.000000,19.418516,47.289617,-0.048174
9,9179,6,3,204,539.383333,1.099507,4.644417,0.026609,4.847135,0.027819,4.061798,0.028459,16.042765,0.026358,0.104071,1402154.000000,20.345232,47.266833,-0.064183
9,9179,6,3,205,544.666667,1.105933,5.340892,0.024682,5.644192,0.026729,4.776396,0.028317,18.556347,0.025638,0.099261,1564987.000000,21.396034,47.182439,-0.066470
