fov,line,cellID,parentID,frame,tTrans,w,L,growthRateL2_0,area,growthRatearea2_0,V,growthRateV2_0,SA,growthRateSA2_0,beta2SA_V_2_0,Itot,xCM,yCM,orientation
0,8809,10,1,212,580.383333,0.998391,3.965922,0.020402,3.745629,0.029728,2.844274,0.039158,12.439263,0.028975,0.126720,1056092.000000,18.730228,44.461144,0.004435
0,8809,10,1,213,585.700000,1.039443,4.396113,0.018406,4.337643,0.025671,3.436423,0.032410,14.355532,0.025107,0.104884,1211387.000000,19.396156,44.449092,-0.005477
