fov,line,cellID,parentID,frame,tTrans,w,L,growthRateL2_0,area,growthRatearea2_0,V,growthRateV2_0,SA,growthRateSA2_0,beta2SA_V_2_0,Itot,xCM,yCM,orientation
0,3925,12,11,191,468.900000,1.051192,3.897114,0.026181,3.859478,0.035064,3.078082,0.043804,12.869891,0.033826,0.141429,996856.000000,23.558038,44.361391,-0.070593
0,3925,12,11,192,474.200000,1.088589,4.437885,0.022991,4.576726,0.029569,3.792696,0.035551,15.177143,0.028683,0.114781,1172894.000000,25.326917,44.222638,-0.085057
