fov,line,cellID,parentID,frame,tTrans,w,L,growthRateL2_0,area,growthRatearea2_0,V,growthRateV2_0,SA,growthRateSA2_0,beta2SA_V_2_0,Itot,xCM,yCM,orientation
0,6049,6,2,47,-295.733333,0.845837,3.132083,0.011551,2.495697,0.010190,1.601508,0.008514,8.322808,0.009362,0.048653,315205.000000,14.448349,51.322213,-0.086035
0,6049,6,2,48,-290.416667,0.836563,3.324433,0.011552,2.630910,0.013779,1.674004,0.015847,8.737071,0.013191,0.068849,315649.000000,14.597777,51.324104,-0.094332
0,6049,6,2,49,-285.100000,0.858461,3.540443,0.011848,2.881180,0.017115,1.883593,0.022242,9.548343,0.016731,0.084815,340847.000000,14.687074,51.443868,-0.034357
0,6049,6,2,50,-279.783333,0.881007,3.770489,0.012262,3.155258,0.020716,2.119485,0.029375,10.435823,0.020492,0.100898,468222.000000,14.367565,45.054635,-0.105121
0,6049,6,2,51,-274.466667,0.933304,4.032077,0.012203,3.576222,0.022140,2.545614,0.031485,11.822290,0.022058,0.102442,521060.000000,14.468243,45.030518,-0.078724
