fov,line,cellID,parentID,frame,tTrans,w,L,growthRateL2_0,area,growthRatearea2_0,V,growthRateV2_0,SA,growthRateSA2_0,beta2SA_V_2_0,Itot,xCM,yCM,orientation
9,3400,11,9,167,342.950000,1.028776,3.961236,0.014478,3.848093,0.021146,3.007718,0.027815,12.802691,0.020612,0.087737,918076.000000,14.669356,47.729941,-0.043864
9,3400,11,9,168,348.266667,1.059927,4.266154,0.013443,4.280719,0.019009,3.452506,0.024231,14.205692,0.018576,0.076434,1053282.000000,14.884934,47.703697,-0.044450
