fov,line,cellID,parentID,frame,tTrans,w,L,growthRateL2_0,area,growthRatearea2_0,V,growthRateV2_0,SA,growthRateSA2_0,beta2SA_V_2_0,Itot,xCM,yCM,orientation
9,2577,4,3,98,-23.466667,0.772866,7.574259,0.016224,5.725698,0.032098,3.432491,0.049184,18.390521,0.032059,0.171764,883392.000000,15.651123,35.186618,-0.107264
9,2577,4,3,99,-18.166667,0.832592,8.225548,0.014561,6.699764,0.025243,4.327264,0.035633,21.515284,0.025158,0.125087,1168113.000000,16.579391,35.274413,-0.046877
9,2577,4,3,100,-12.866667,0.868429,8.843809,0.012284,7.518372,0.015318,5.066924,0.018121,24.128116,0.015125,0.072026,1181275.000000,16.835725,35.184364,-0.042175
9,2577,4,3,101,-7.566667,0.861660,9.377133,0.010731,7.920565,0.009581,5.300553,0.008316,25.383748,0.009333,0.044696,1164066.000000,17.264857,35.202875,-0.045024
