fov,line,cellID,parentID,frame,tTrans,w,L,growthRateL2_0,area,growthRatearea2_0,V,growthRateV2_0,SA,growthRateSA2_0,beta2SA_V_2_0,Itot,xCM,yCM,orientation
0,5541,18,14,196,495.450000,1.094928,3.915811,0.022724,4.030251,0.020722,3.343423,0.018102,13.469673,0.019093,0.076919,1181593.000000,19.372982,50.848277,-0.019757
0,5541,18,14,197,500.766667,1.076068,4.388899,0.020274,4.474262,0.018665,3.665194,0.016512,14.836969,0.017333,0.070166,1355387.000000,19.899143,50.850559,-0.011458
