fov,line,cellID,parentID,frame,tTrans,w,L,growthRateL2_0,area,growthRatearea2_0,V,growthRateV2_0,SA,growthRateSA2_0,beta2SA_V_2_0,Itot,xCM,yCM,orientation
9,5567,2,1,141,204.833333,1.091910,2.671160,0.053321,2.660803,0.052624,2.160463,0.049899,9.162977,0.047178,0.199653,680871.000000,20.483798,53.858343,-0.066976
9,5567,2,1,142,210.133333,1.064193,3.426036,0.044908,3.402925,0.043994,2.731829,0.041741,11.454130,0.040464,0.169553,731954.000000,21.057421,53.813930,-0.075304
9,5567,2,1,143,215.450000,1.041429,4.304613,0.046245,4.250197,0.044341,3.371063,0.041357,14.083598,0.041582,0.173884,1191594.000000,15.405719,47.801082,-0.059270
9,5567,2,1,144,220.766667,1.015398,5.542766,0.042015,5.406853,0.040237,4.214296,0.037634,17.681244,0.038271,0.160717,1302537.000000,15.760776,47.800889,-0.058649
