fov,line,cellID,parentID,frame,tTrans,w,L,growthRateL2_0,area,growthRatearea2_0,V,growthRateV2_0,SA,growthRateSA2_0,beta2SA_V_2_0,Itot,xCM,yCM,orientation
7,4099,17,8,114,61.183333,1.054941,2.995809,0.022942,2.921571,0.021824,2.311182,0.019929,9.928693,0.019748,0.084756,614693.000000,18.139000,46.559696,-0.021766
7,4099,17,8,115,66.483333,1.039019,3.360075,0.029041,3.259506,0.028886,2.555300,0.027866,10.967871,0.026655,0.114480,716400.000000,18.480440,46.503290,0.003730
7,4099,17,8,116,71.800000,1.028918,4.031768,0.034522,3.921166,0.035014,3.067157,0.034679,13.032454,0.032919,0.139963,776876.000000,18.930599,46.537421,-0.061589
7,4099,17,8,117,77.100000,1.021346,4.837734,0.041303,4.717138,0.042776,3.684563,0.043447,15.522608,0.040779,0.171634,970095.000000,21.952528,39.955281,-0.052190
7,4099,17,8,118,82.400000,1.021849,6.149765,0.040254,6.060049,0.041811,4.764044,0.042753,19.742179,0.040327,0.166958,1148132.000000,22.644535,39.942425,-0.059176
7,4099,18,17,119,87.716667,1.056385,3.116845,0.028790,3.053104,0.031303,2.423176,0.032978,10.343971,0.029061,0.123781,616967.000000,22.129342,39.948639,-0.051197
7,4099,18,17,120,93.016667,1.057699,3.592439,0.026101,3.559639,0.027451,2.846703,0.028106,11.937173,0.025673,0.107587,803191.000000,22.923114,39.921140,-0.084168
7,4099,18,17,121,98.333333,1.052499,4.112343,0.024876,4.090512,0.025412,3.272621,0.025355,13.597561,0.023911,0.099444,932250.000000,23.950555,39.881354,-0.039001
7,4099,18,17,122,103.650000,1.047007,4.680201,0.022821,4.664952,0.023161,3.729043,0.023021,15.394445,0.021954,0.090718,1066473.000000,25.444781,39.786687,-0.042768
