fov,line,cellID,parentID,frame,tTrans,w,L,growthRateL2_0,area,growthRatearea2_0,V,growthRateV2_0,SA,growthRateSA2_0,beta2SA_V_2_0,Itot,xCM,yCM,orientation
4,4697,9,3,164,326.200000,1.090455,3.867306,0.025989,3.961942,0.035131,3.272256,0.044142,13.248483,0.033858,0.137080,1138654.000000,18.278201,43.065714,0.002707
4,4697,9,3,165,331.516667,1.130534,4.401675,0.022834,4.701960,0.029602,4.040218,0.035752,15.633331,0.028693,0.111024,1294601.000000,19.006809,43.036269,-0.083658
4,4697,57,51,178,400.550000,1.066320,2.586467,0.025031,2.513991,0.021457,1.992370,0.016899,8.664519,0.018564,0.080810,693696.000000,18.794443,42.953880,-0.026852
4,4697,57,51,179,405.866667,1.033967,2.930673,0.022410,2.800791,0.019092,2.171374,0.014930,9.519714,0.016791,0.073571,811342.000000,19.354380,42.995515,-0.033626
4,4697,57,51,180,411.166667,1.004406,3.283730,0.021474,3.081701,0.018033,2.336537,0.013876,10.361594,0.016151,0.071577,864527.000000,20.137664,42.924782,-0.046835
4,4697,57,51,181,416.483333,0.977286,3.679319,0.020762,3.390785,0.017146,2.515587,0.012927,11.296378,0.015578,0.070021,938888.000000,20.998922,42.858677,-0.060933
4,4697,57,51,182,421.800000,0.950636,4.096029,0.019135,3.699895,0.015714,2.682331,0.011692,12.232834,0.014399,0.065727,1035112.000000,21.691521,42.821067,-0.052161
