fov,line,cellID,parentID,frame,tTrans,w,L,growthRateL2_0,area,growthRatearea2_0,V,growthRateV2_0,SA,growthRateSA2_0,beta2SA_V_2_0,Itot,xCM,yCM,orientation
9,7688,18,13,190,465.066667,0.932439,3.726880,0.021718,3.288505,0.022243,2.332691,0.022262,10.917313,0.020977,0.098085,784000.000000,14.570519,47.584469,-0.060140
9,7688,18,13,191,470.366667,0.929159,4.155855,0.021659,3.676178,0.023921,2.607923,0.025795,12.131107,0.022870,0.106285,892167.000000,14.754476,47.549788,-0.055044
9,7688,18,13,192,475.666667,0.942360,4.681022,0.023137,4.220631,0.027316,3.045767,0.031157,13.858213,0.026411,0.120244,869487.000000,15.219467,53.833829,-0.045647
9,7688,18,13,193,480.983333,0.960914,5.305702,0.022145,4.900170,0.026083,3.615420,0.029635,16.016856,0.025349,0.112548,1246653.000000,15.406468,47.512330,-0.054474
