fov,line,cellID,parentID,frame,tTrans,w,L,growthRateL2_0,area,growthRatearea2_0,V,growthRateV2_0,SA,growthRateSA2_0,beta2SA_V_2_0,Itot,xCM,yCM,orientation
2,4083,5,1,158,294.016667,1.119100,2.804304,0.018907,2.869534,0.017230,2.391450,0.014818,9.859254,0.015180,0.062699,676272.000000,21.006722,25.404377,-0.004072
2,4083,5,1,159,299.333333,1.098951,3.086193,0.018945,3.132401,0.017651,2.579855,0.015674,10.654942,0.015824,0.065373,686806.000000,22.501716,25.289060,-0.058727
2,4083,5,1,160,304.633333,1.082632,3.425041,0.019691,3.456526,0.018608,2.820744,0.016904,11.649212,0.016978,0.070027,740235.000000,24.159620,25.171467,-0.080261
2,4083,5,1,161,309.933333,1.067822,3.801093,0.020531,3.814191,0.019608,3.085288,0.018110,12.751377,0.018136,0.074981,875373.000000,25.774013,25.106824,-0.020128
2,4083,5,1,162,315.250000,1.055492,4.253553,0.020007,4.250512,0.019307,3.413944,0.018107,14.104471,0.018044,0.074688,971244.000000,27.726716,24.977316,-0.054146
