fov,line,cellID,parentID,frame,tTrans,w,L,growthRateL2_0,area,growthRatearea2_0,V,growthRateV2_0,SA,growthRateSA2_0,beta2SA_V_2_0,Itot,xCM,yCM,orientation
9,3836,15,11,124,114.583333,1.004361,3.517086,0.010358,3.315945,0.006750,2.521217,0.002847,11.097433,0.005814,0.025567,834406.000000,14.750731,47.930076,-0.044840
9,3836,15,11,125,119.883333,0.981432,3.710163,0.010802,3.434567,0.008019,2.559262,0.004873,11.439396,0.007144,0.031903,827030.000000,14.803718,47.927172,-0.021626
9,3836,15,11,126,125.183333,0.966076,3.941898,0.012202,3.607885,0.010837,2.653420,0.009141,11.963731,0.010034,0.045270,825180.000000,14.929423,47.895263,-0.022167
9,3836,15,11,127,130.500000,0.958806,4.220830,0.012430,3.849670,0.011813,2.816776,0.010908,12.713885,0.011098,0.050201,861727.000000,15.117193,47.833610,-0.048897
9,3836,16,11,124,114.583333,1.018601,3.086811,0.012872,2.921571,0.014603,2.238726,0.015993,9.877891,0.013676,0.060342,733001.000000,17.956982,47.757246,-0.034097
9,3836,16,11,125,119.883333,1.022667,3.297391,0.012461,3.147691,0.014079,2.428490,0.015379,10.593866,0.013246,0.057782,794486.000000,18.167961,47.736056,-0.017213
9,3836,16,11,126,125.183333,1.027072,3.522336,0.012050,3.391313,0.013554,2.634606,0.014761,11.365314,0.012807,0.055248,824892.000000,18.530474,47.728784,-0.040039
