fov,line,cellID,parentID,frame,tTrans,w,L,growthRateL2_0,area,growthRatearea2_0,V,growthRateV2_0,SA,growthRateSA2_0,beta2SA_V_2_0,Itot,xCM,yCM,orientation
9,4394,8,6,187,449.166667,0.930726,8.103625,0.023992,7.356357,0.044081,5.302245,0.065986,23.694698,0.043906,0.196208,1915495.000000,25.056346,47.077992,-0.008381
9,4394,8,6,188,454.466667,1.017876,9.134080,0.011574,9.075018,0.022016,7.156571,0.031948,29.208520,0.022018,0.089861,2781157.000000,27.531745,46.859938,-0.046078
9,4394,8,6,189,459.766667,1.052895,9.224214,0.001853,9.474226,0.008125,7.725789,0.014455,30.511560,0.008239,0.032539,3254962.000000,29.570199,46.758563,-0.044115
9,4394,8,6,190,465.066667,1.089136,9.315238,-0.006553,9.890995,-0.005136,8.340333,-0.003704,31.873215,-0.004933,-0.018850,2901178.000000,26.642878,40.624628,-0.054167
9,4394,8,6,191,470.366667,1.070479,8.577152,-0.016236,8.935744,-0.020170,7.398356,-0.024023,28.845041,-0.019808,-0.077227,3125070.000000,27.941526,40.534018,-0.052422
