fov,line,cellID,parentID,frame,tTrans,w,L,growthRateL2_0,area,growthRatearea2_0,V,growthRateV2_0,SA,growthRateSA2_0,beta2SA_V_2_0,Itot,xCM,yCM,orientation
9,7739,5,1,205,544.666667,1.132775,2.463081,0.026960,2.514745,0.025304,2.101772,0.022474,8.765414,0.021952,0.091551,599790.000000,20.402704,53.574168,-0.052162
9,7739,5,1,206,549.983333,1.106395,2.816136,0.024646,2.853063,0.024033,2.352904,0.022473,9.788445,0.021441,0.089198,741673.000000,21.343737,53.526865,-0.059250
9,7739,5,1,207,555.300000,1.093517,3.201117,0.023493,3.243858,0.023430,2.664039,0.022608,10.997065,0.021406,0.088361,781662.000000,22.412716,53.492521,-0.067678
9,7739,5,1,208,560.616667,1.082056,3.615811,0.021572,3.661245,0.021442,2.993348,0.020692,12.291515,0.019808,0.081337,867069.000000,23.590549,53.408767,-0.050928
