fov,line,cellID,parentID,frame,tTrans,w,L,growthRateL2_0,area,growthRatearea2_0,V,growthRateV2_0,SA,growthRateSA2_0,beta2SA_V_2_0,Itot,xCM,yCM,orientation
6,7654,9,1,59,-231.000000,0.955049,2.333577,0.013536,2.032938,0.017257,1.443661,0.020648,7.001606,0.016177,0.078531,286413.000000,20.736136,23.910028,-0.039151
6,7654,9,1,60,-225.683333,0.967559,2.501516,0.012798,2.219462,0.016124,1.602145,0.019109,7.603803,0.015182,0.072009,289031.000000,21.180245,23.881346,-0.068841
6,7654,9,1,61,-220.383333,0.979558,2.673452,0.012532,2.412883,0.015759,1.768686,0.018669,8.227206,0.014890,0.069217,352193.000000,21.984098,23.897877,-0.137140
6,7654,9,1,62,-215.066667,0.991998,2.857205,0.011977,2.623162,0.014403,1.952710,0.016502,8.904351,0.013573,0.061953,385570.000000,22.717237,23.790065,-0.105479
6,7654,9,1,63,-209.750000,0.996891,3.037327,0.011154,2.814614,0.012794,2.111336,0.014131,9.512377,0.012022,0.054217,394097.000000,23.186128,23.786696,-0.161568
