fov,line,cellID,parentID,frame,tTrans,w,L,growthRateL2_0,area,growthRatearea2_0,V,growthRateV2_0,SA,growthRateSA2_0,beta2SA_V_2_0,Itot,xCM,yCM,orientation
9,1597,9,2,177,396.050000,1.041989,4.959327,-0.003208,4.934563,-0.002203,3.932832,-0.001108,16.234385,-0.001992,-0.008231,1345554.000000,15.655235,47.632698,-0.056983
9,1597,9,2,178,401.366667,1.048841,4.874743,-0.001297,4.876754,-0.000564,3.909671,0.000208,16.062431,-0.000462,-0.001899,1583750.000000,14.511200,41.388691,-0.049418
9,1597,9,2,179,406.683333,1.051173,4.892115,0.003771,4.905331,0.004065,3.941476,0.004287,16.155510,0.003889,0.015930,1736195.000000,14.683466,41.334533,-0.044921
9,1597,9,2,180,411.983333,1.050200,5.070602,0.006642,5.088456,0.006790,4.089074,0.006810,16.729436,0.006473,0.026424,1783612.000000,14.810200,41.371067,-0.042127
