fov,line,cellID,parentID,frame,tTrans,w,L,growthRateL2_0,area,growthRatearea2_0,V,growthRateV2_0,SA,growthRateSA2_0,beta2SA_V_2_0,Itot,xCM,yCM,orientation
9,2218,8,6,172,369.500000,1.061990,3.033742,0.027178,2.979771,0.031147,2.373692,0.034380,10.121596,0.029055,0.123698,593603.000000,23.022858,53.566240,-0.059050
9,2218,8,6,173,374.800000,1.071223,3.470739,0.025427,3.471676,0.028895,2.806218,0.031727,11.680238,0.027214,0.113271,741690.000000,24.057317,53.469419,-0.055108
9,2218,8,6,174,380.116667,1.081927,3.970684,0.023682,4.044784,0.026650,3.318929,0.029056,13.496250,0.025308,0.103077,1012695.000000,22.552853,47.220578,-0.064666
9,2218,9,6,172,369.500000,1.092054,3.094952,0.018252,3.123925,0.016776,2.557935,0.014670,10.618130,0.015070,0.062417,639233.000000,26.005951,53.449191,-0.072040
9,2218,9,6,173,374.800000,1.075259,3.394344,0.017135,3.401681,0.015793,2.756813,0.013898,11.466185,0.014338,0.059599,751465.000000,27.405671,53.322721,-0.080746
9,2218,9,6,174,380.116667,1.060073,3.712435,0.015402,3.694292,0.014267,2.964705,0.012678,12.363588,0.013106,0.054705,893460.000000,26.275789,47.014147,-0.035017
9,2218,9,6,175,385.433333,1.048938,4.002365,0.013625,3.962112,0.012714,3.156498,0.011428,13.189133,0.011773,0.049238,1012089.000000,27.723761,46.960160,-0.039539
