fov,line,cellID,parentID,frame,tTrans,w,L,growthRateL2_0,area,growthRatearea2_0,V,growthRateV2_0,SA,growthRateSA2_0,beta2SA_V_2_0,Itot,xCM,yCM,orientation
9,4159,7,6,160,305.783333,0.969275,2.356970,0.009188,2.082935,0.014909,1.500752,0.020642,7.177133,0.014499,0.069201,634292.000000,13.579161,41.600888,0.034380
9,4159,7,6,161,311.083333,0.995289,2.471750,0.010896,2.247520,0.015146,1.664942,0.019101,7.728647,0.014454,0.066961,658732.000000,13.670382,41.594661,0.019504
9,4159,7,6,162,316.383333,1.007194,2.642454,0.012910,2.443763,0.015484,1.837855,0.017676,8.361233,0.014479,0.065843,691779.000000,13.662609,41.580940,-0.029535
9,4159,7,6,163,321.700000,1.012446,2.833942,0.014822,2.649236,0.017475,2.009824,0.019730,9.013898,0.016363,0.073474,771168.000000,13.771443,41.546480,-0.040578
9,4159,7,6,164,327.016667,1.023173,3.089115,0.015658,2.936036,0.018224,2.259508,0.020372,9.929630,0.017145,0.075431,869898.000000,13.965844,41.477931,-0.039531
9,4159,7,6,165,332.333333,1.029018,3.348266,0.015439,3.218188,0.017430,2.499296,0.019029,10.824123,0.016409,0.071037,972475.000000,14.067066,41.486655,-0.041799
9,4159,7,6,166,337.633333,1.033807,3.637945,0.014570,3.531574,0.018195,2.764428,0.021585,11.815313,0.017420,0.074423,1139839.000000,14.175477,41.547517,-0.041886
9,4159,7,6,167,342.950000,1.058800,3.911010,0.013132,3.900397,0.017786,3.132804,0.022117,13.009266,0.017262,0.071766,1273297.000000,14.321863,41.456908,-0.037078
