fov,line,cellID,parentID,frame,tTrans,w,L,growthRateL2_0,area,growthRatearea2_0,V,growthRateV2_0,SA,growthRateSA2_0,beta2SA_V_2_0,Itot,xCM,yCM,orientation
0,9127,8,5,125,118.416667,1.073862,2.243610,0.014184,2.161854,0.013665,1.707849,0.012503,7.569128,0.011810,0.052218,434861.000000,21.172726,25.713033,-0.013346
0,9127,8,5,126,123.716667,1.061293,2.412278,0.014307,2.318419,0.015867,1.821019,0.016918,8.042901,0.014345,0.063310,458707.000000,21.462407,25.700076,-0.017652
0,9127,8,5,127,129.033333,1.072496,2.610020,0.014343,2.552392,0.016162,2.034934,0.017483,8.794062,0.014842,0.064090,482708.000000,21.558834,25.683579,-0.051734
0,9127,8,5,128,134.333333,1.068150,2.809731,0.014094,2.756366,0.015618,2.198734,0.016701,9.428594,0.014378,0.061706,526117.000000,22.944296,25.645535,-0.048591
0,9127,8,5,129,139.666667,1.074887,3.031105,0.013764,3.010148,0.016186,2.425401,0.018233,10.235609,0.015165,0.064049,569753.000000,24.465843,25.530506,-0.045454
0,9127,8,5,130,144.966667,1.083991,3.253347,0.012610,3.274435,0.013786,2.668961,0.014592,11.079140,0.012845,0.053280,603991.000000,25.314007,25.458166,-0.047614
0,9127,8,5,131,150.283333,1.078567,3.466664,0.011796,3.489382,0.012854,2.838868,0.013602,11.746508,0.012016,0.049760,654654.000000,25.725509,25.448647,-0.056934
0,9127,8,5,132,155.600000,1.085725,3.688183,0.011297,3.751380,0.013136,3.079552,0.014700,12.580043,0.012462,0.050949,706629.000000,26.137284,25.428329,-0.055137
