fov,line,cellID,parentID,frame,tTrans,w,L,growthRateL2_0,area,growthRatearea2_0,V,growthRateV2_0,SA,growthRateSA2_0,beta2SA_V_2_0,Itot,xCM,yCM,orientation
3,503,35,20,203,533.100000,1.090619,3.340415,0.025178,3.387860,0.026522,2.780970,0.027127,11.445194,0.024591,0.101143,828904.000000,15.044700,9.205659,-0.070622
3,503,35,20,204,538.400000,1.087625,3.786176,0.024406,3.864082,0.025881,3.180797,0.026732,12.936894,0.024263,0.098619,973876.000000,15.825081,9.161494,-0.050968
3,503,35,20,205,543.700000,1.088492,4.319909,0.024955,4.447923,0.026637,3.682265,0.027762,14.772354,0.025224,0.101131,1128142.000000,16.986254,9.101482,-0.052135
3,503,35,20,206,549.000000,1.090553,4.928881,0.025773,5.119978,0.027859,4.264407,0.029451,16.886705,0.026610,0.105472,1298337.000000,17.066167,9.072660,-0.052429
3,503,35,20,207,554.316667,1.097407,5.668559,0.024543,5.962269,0.026571,5.015645,0.028172,19.542951,0.025565,0.099860,1541942.000000,17.791670,9.018671,-0.059362
3,503,37,35,208,559.633333,1.120994,3.317254,0.022146,3.448947,0.020577,2.905184,0.018282,11.682395,0.018633,0.075043,840478.000000,20.492110,8.857884,-0.063386
3,503,37,35,209,564.950000,1.102262,3.707830,0.021012,3.826263,0.019593,3.187567,0.017543,12.839692,0.017953,0.072315,974727.000000,21.545050,8.793317,-0.061118
3,503,37,35,210,570.250000,1.085225,4.144393,0.019875,4.244858,0.018606,3.498852,0.016786,14.129619,0.017225,0.069451,1077659.000000,22.789148,8.738092,-0.059072
