fov,line,cellID,parentID,frame,tTrans,w,L,growthRateL2_0,area,growthRatearea2_0,V,growthRateV2_0,SA,growthRateSA2_0,beta2SA_V_2_0,Itot,xCM,yCM,orientation
5,7059,4,2,220,623.683333,1.012226,2.679734,0.021034,2.492615,0.025577,1.884916,0.029593,8.521559,0.023929,0.108283,607834.000000,16.471189,48.464237,0.030212
5,7059,4,2,221,629.000000,1.026238,2.979416,0.019143,2.831578,0.021097,2.181481,0.022470,9.605698,0.019638,0.086554,795211.000000,16.901038,48.476558,0.054746
5,7059,4,2,222,634.316667,1.019714,3.286196,0.016664,3.127834,0.015310,2.406149,0.013460,10.527416,0.013946,0.060979,799032.000000,17.269620,48.393710,0.021592
5,7059,4,2,223,639.616667,0.998014,3.560811,0.014551,3.339990,0.011985,2.525315,0.008904,11.164403,0.010765,0.047488,834927.000000,17.672600,48.354900,0.008722
