fov,line,cellID,parentID,frame,tTrans,w,L,growthRateL2_0,area,growthRatearea2_0,V,growthRateV2_0,SA,growthRateSA2_0,beta2SA_V_2_0,Itot,xCM,yCM,orientation
9,9972,9,7,152,263.266667,0.988798,2.892583,-0.004686,2.650360,0.002504,1.968118,0.010400,8.985524,0.003595,0.016474,568784.000000,28.438067,53.430528,0.025666
9,9972,9,7,153,268.600000,1.033591,2.820286,-0.000530,2.685760,0.004453,2.077280,0.009485,9.157810,0.004928,0.021737,863990.000000,20.753901,47.527336,-0.061234
9,9972,9,7,154,273.900000,1.047355,2.876703,0.007158,2.777523,0.010484,2.177629,0.013696,9.465401,0.010117,0.043931,723972.000000,20.776998,41.205376,-0.066012
9,9972,9,7,155,279.216667,1.065725,3.038906,0.008777,2.994899,0.010501,2.393911,0.011963,10.174477,0.009892,0.042066,781080.000000,21.760703,41.138294,-0.041673
9,9972,9,7,156,284.533333,1.061159,3.160305,0.014720,3.111932,0.015036,2.482156,0.014893,10.535603,0.013830,0.058733,844357.000000,22.937734,41.056184,-0.041630
9,9972,9,7,157,289.850000,1.056100,3.533563,0.020791,3.492441,0.022184,2.786995,0.023030,11.723786,0.020744,0.087175,982158.000000,24.227806,40.977634,-0.034103
9,9972,9,7,158,295.150000,1.059685,3.940281,0.019476,3.934472,0.021198,3.163595,0.022461,13.117578,0.020048,0.082913,1107730.000000,25.431511,40.956361,-0.040038
