fov,line,cellID,parentID,frame,tTrans,w,L,growthRateL2_0,area,growthRatearea2_0,V,growthRateV2_0,SA,growthRateSA2_0,beta2SA_V_2_0,Itot,xCM,yCM,orientation
9,5938,4,3,163,321.700000,1.003296,4.822388,0.021995,4.622265,0.027796,3.548109,0.033406,15.199919,0.026957,0.115480,1124386.000000,15.206852,47.719867,-0.060577
9,5938,4,3,164,327.016667,1.026992,5.386313,0.019692,5.305359,0.024217,4.178283,0.028368,17.378355,0.023577,0.098064,1293905.000000,15.484093,47.700166,-0.047569
