fov,line,cellID,parentID,frame,tTrans,w,L,growthRateL2_0,area,growthRatearea2_0,V,growthRateV2_0,SA,growthRateSA2_0,beta2SA_V_2_0,Itot,xCM,yCM,orientation
5,4027,5,2,202,528.116667,1.031753,4.517812,0.030357,4.432818,0.036113,3.489655,0.041440,14.643795,0.034715,0.145448,1034980.000000,19.824642,48.251596,-0.049977
5,4027,5,2,203,533.416667,1.052282,5.244690,0.028209,5.281266,0.033160,4.256102,0.037685,17.338117,0.032059,0.130600,1216330.000000,21.126368,48.227240,-0.061181
5,4027,5,2,204,538.733333,1.074103,6.088517,0.026068,6.292108,0.030217,5.192455,0.033918,20.545052,0.029359,0.116348,1526186.000000,22.075173,48.122277,-0.062837
