fov,line,cellID,parentID,frame,tTrans,w,L,growthRateL2_0,area,growthRatearea2_0,V,growthRateV2_0,SA,growthRateSA2_0,beta2SA_V_2_0,Itot,xCM,yCM,orientation
9,4873,10,8,143,215.450000,1.015710,2.850806,0.021593,2.674194,0.025037,2.035587,0.027897,9.096769,0.023367,0.104422,654202.000000,13.914039,41.569513,-0.063658
9,4873,10,8,144,220.766667,1.024304,3.178079,0.020615,3.030159,0.023768,2.337504,0.026394,10.226885,0.022362,0.097837,703634.000000,14.079044,41.579631,-0.053964
9,4873,10,8,145,226.083333,1.034449,3.547446,0.021450,3.440011,0.025001,2.691628,0.028071,11.528555,0.023713,0.101564,855503.000000,14.236929,41.588511,-0.049969
9,4873,10,8,146,231.400000,1.048505,3.987197,0.020744,3.944672,0.024063,3.140924,0.026905,13.133733,0.022988,0.096123,1020573.000000,14.447924,41.540729,-0.057804
9,4873,11,8,143,215.450000,1.096227,2.954256,0.023087,2.980645,0.023884,2.443415,0.023901,10.174158,0.021801,0.090776,736523.000000,16.776838,41.418405,-0.052943
9,4873,11,8,144,220.766667,1.089551,3.316872,0.021305,3.359143,0.021744,2.753910,0.021536,11.353406,0.020034,0.082594,842623.000000,17.278597,41.412490,-0.047146
9,4873,11,8,145,226.083333,1.081696,3.705673,0.020871,3.757312,0.020371,3.074044,0.019290,12.592791,0.018853,0.077230,969744.000000,17.856596,41.393850,-0.053379
9,4873,11,8,146,231.400000,1.067210,4.139255,0.019702,4.173038,0.018738,3.384432,0.017250,13.877848,0.017416,0.071416,1115084.000000,18.427236,41.314240,-0.059005
