fov,line,cellID,parentID,frame,tTrans,w,L,growthRateL2_0,area,growthRatearea2_0,V,growthRateV2_0,SA,growthRateSA2_0,beta2SA_V_2_0,Itot,xCM,yCM,orientation
12,1617,23,20,84,-97.283333,0.989707,3.521248,0.020397,3.274797,0.015214,2.455143,0.009523,10.948461,0.013564,0.060240,461939.000000,20.936541,20.781677,-0.125894
12,1617,23,20,85,-92.000000,0.957452,3.900715,0.018288,3.538018,0.015387,2.578675,0.011925,11.733053,0.014111,0.064144,490336.000000,21.711896,20.737439,-0.045290
12,1617,23,20,86,-86.683333,0.945348,4.277393,0.017390,3.851841,0.016029,2.781112,0.014273,12.703429,0.015047,0.068772,543232.000000,22.433515,20.695008,-0.038047
12,1617,23,20,87,-81.383333,0.933961,4.690446,0.016489,4.193499,0.016708,3.000093,0.016612,13.762352,0.015934,0.073140,601186.000000,23.280732,20.662124,-0.040109
12,1617,23,20,88,-76.066667,0.938451,5.098496,0.015053,4.595691,0.016460,3.310218,0.017621,15.031541,0.015881,0.072274,658287.000000,24.227005,20.654678,-0.033255
