fov,line,cellID,parentID,frame,tTrans,w,L,growthRateL2_0,area,growthRatearea2_0,V,growthRateV2_0,SA,growthRateSA2_0,beta2SA_V_2_0,Itot,xCM,yCM,orientation
14,9195,6,2,211,577.333333,0.972371,2.700327,0.018733,2.422812,0.027778,1.764563,0.036833,8.248940,0.026785,0.125609,573937.000000,12.121523,14.422116,0.028683
14,9195,6,2,212,582.666667,1.010339,2.970112,0.018341,2.781756,0.026208,2.111200,0.033760,9.427349,0.025306,0.113180,660293.000000,12.313007,14.378042,-0.019298
14,9195,6,2,213,587.983333,1.046948,3.280469,0.019856,3.199254,0.026275,2.523641,0.032241,10.789734,0.025213,0.107630,728600.000000,12.574538,14.295888,-0.037905
14,9195,6,2,214,593.283333,1.070603,3.661645,0.019641,3.674192,0.024389,2.975012,0.028627,12.315568,0.023376,0.096467,830748.000000,12.786217,14.321182,-0.032812
14,9195,10,1,212,582.666667,1.158862,2.716084,0.026024,2.859366,0.024421,2.457376,0.021760,9.888375,0.021458,0.086428,706603.000000,17.777406,14.085670,-0.043795
14,9195,10,1,213,587.983333,1.134152,3.091879,0.023702,3.230619,0.022737,2.741668,0.020911,11.016501,0.020415,0.081981,782365.000000,18.782605,13.976565,-0.057815
14,9195,10,1,214,593.283333,1.118340,3.494119,0.023097,3.639215,0.022488,3.066046,0.021162,12.276131,0.020600,0.082429,884635.000000,19.710008,13.955167,-0.046435
14,9195,10,1,215,598.600000,1.104488,3.948689,0.022231,4.099488,0.022061,3.430511,0.021290,13.701364,0.020523,0.082046,1015219.000000,20.937732,13.886665,-0.051549
14,9195,10,1,216,603.916667,1.097536,4.427532,0.020342,4.600868,0.020497,3.842673,0.020174,15.266172,0.019279,0.076665,1131392.000000,22.927823,13.731286,-0.053449
