fov,line,cellID,parentID,frame,tTrans,w,L,growthRateL2_0,area,growthRatearea2_0,V,growthRateV2_0,SA,growthRateSA2_0,beta2SA_V_2_0,Itot,xCM,yCM,orientation
19,3,34,25,41,-324.500000,0.785801,2.036339,0.063972,1.467645,0.077797,0.860535,0.090234,5.027046,0.072415,0.423430,185655.000000,14.313491,23.106042,0.012825
19,3,34,25,42,-319.183333,0.812122,2.728937,0.046342,2.074690,0.055855,1.273371,0.064438,6.962490,0.053147,0.290869,220099.000000,14.855873,23.053667,-0.072490
19,3,34,25,43,-313.866667,0.843703,3.381067,0.040676,2.699855,0.050193,1.733035,0.059071,8.961758,0.048297,0.249594,342014.000000,15.824074,23.002742,-0.105730
19,3,34,25,44,-308.566667,0.878225,4.189036,0.030217,3.513400,0.038491,2.360227,0.046371,11.557663,0.037430,0.183174,398994.000000,16.188400,22.978850,-0.093483
19,3,34,25,45,-303.250000,0.913144,4.724940,0.021333,4.135610,0.028298,2.894982,0.034743,13.554566,0.027710,0.129861,403447.000000,16.737309,22.993698,-0.094482
