fov,line,cellID,parentID,frame,tTrans,w,L,growthRateL2_0,area,growthRatearea2_0,V,growthRateV2_0,SA,growthRateSA2_0,beta2SA_V_2_0,Itot,xCM,yCM,orientation
18,2841,7,2,85,-91.033333,0.820407,2.321078,0.009597,1.759786,0.015492,1.082419,0.021422,5.982308,0.015126,0.083740,242304.000000,16.096265,48.339126,0.026473
18,2841,7,2,86,-85.716667,0.843353,2.439509,0.010089,1.904733,0.013969,1.205699,0.017590,6.463409,0.013435,0.072144,254626.000000,16.366294,48.290529,-0.008771
18,2841,7,2,87,-80.400000,0.851076,2.582787,0.010599,2.042706,0.012314,1.307927,0.013744,6.905686,0.011588,0.061191,297130.000000,16.575214,48.237005,0.019616
18,2841,7,2,88,-75.100000,0.852633,2.730128,0.010749,2.171786,0.013141,1.396549,0.015312,7.312995,0.012483,0.065273,305839.000000,16.676614,48.235983,0.014280
18,2841,7,2,89,-69.800000,0.866028,2.893869,0.011140,2.345218,0.012133,1.534594,0.012821,7.873367,0.011406,0.058525,311857.000000,17.113201,48.187199,0.008422
18,2841,7,2,90,-64.483333,0.856423,3.072400,0.010813,2.473871,0.011198,1.605431,0.011306,8.266387,0.010476,0.053948,325955.000000,17.331834,48.255569,-0.135167
18,2841,7,2,91,-59.183333,0.862086,3.246575,0.010122,2.639337,0.011829,1.727299,0.013312,8.792776,0.011295,0.057416,337730.000000,17.637234,48.240358,-0.113013
