fov,line,cellID,parentID,frame,tTrans,w,L,growthRateL2_0,area,growthRatearea2_0,V,growthRateV2_0,SA,growthRateSA2_0,beta2SA_V_2_0,Itot,xCM,yCM,orientation
12,8875,9,6,52,-267.200000,0.926977,2.145984,0.011670,1.804873,0.005894,1.239751,-0.000363,6.249498,0.004041,0.020399,229430.000000,11.100826,14.897736,-0.088009
12,8875,9,6,53,-261.883333,0.891574,2.279133,0.011900,1.861427,0.007511,1.237357,0.002465,6.383763,0.005847,0.030160,245055.000000,11.268047,14.991350,-0.003608
12,8875,9,6,54,-256.583333,0.869134,2.433926,0.012095,1.953298,0.008455,1.272129,0.004304,6.645747,0.007035,0.036744,238076.000000,11.289876,14.946257,-0.058762
12,8875,9,6,55,-251.266667,0.845018,2.591660,0.011530,2.036762,0.008885,1.295483,0.005759,6.880088,0.007712,0.040954,255532.000000,11.389925,14.930807,-0.076415
12,8875,9,6,56,-245.966667,0.834086,2.751184,0.011908,2.145425,0.009622,1.351334,0.006954,7.209087,0.008573,0.045727,275068.000000,11.457258,14.942976,-0.030893
12,8875,9,6,57,-240.650000,0.816084,2.939463,0.012047,2.255925,0.009213,1.395254,0.005921,7.536204,0.008164,0.044161,291582.000000,11.596548,14.984817,-0.040647
