fov,line,cellID,parentID,frame,tTrans,w,L,growthRateL2_0,area,growthRatearea2_0,V,growthRateV2_0,SA,growthRateSA2_0,beta2SA_V_2_0,Itot,xCM,yCM,orientation
12,8203,4,1,122,104.450000,0.943186,4.098850,0.019802,3.675067,0.037793,2.644160,0.057246,12.145325,0.037584,0.172363,735660.000000,19.442751,14.450877,0.007072
12,8203,4,1,123,109.750000,1.023635,4.529020,0.018832,4.411198,0.034585,3.446410,0.050505,14.564624,0.034411,0.145420,895662.000000,20.201771,14.415084,-0.025155
12,8203,4,1,124,115.066667,1.110966,5.004337,0.017865,5.294778,0.031388,4.492096,0.043784,17.466154,0.031246,0.121680,1346594.000000,21.087657,20.684943,-0.051416
