fov,line,cellID,parentID,frame,tTrans,w,L,growthRateL2_0,area,growthRatearea2_0,V,growthRateV2_0,SA,growthRateSA2_0,beta2SA_V_2_0,Itot,xCM,yCM,orientation
11,7710,6,5,116,72.450000,1.031458,5.111038,0.017725,5.043506,0.013203,3.983440,0.008378,16.561919,0.012200,0.050723,940751.000000,18.178260,43.994843,-0.045674
11,7710,6,5,117,77.750000,1.003847,5.591183,0.016203,5.396438,0.012340,4.160327,0.008022,17.632799,0.011459,0.048567,1064462.000000,18.908861,43.906600,-0.047398
11,7710,7,5,116,72.450000,1.051971,4.662955,0.013411,4.667805,0.017487,3.748056,0.021431,15.410431,0.016965,0.069752,890008.000000,22.979537,43.756369,-0.043661
11,7710,7,5,117,77.750000,1.070473,4.994379,0.012521,5.100431,0.016004,4.173784,0.019245,16.796040,0.015565,0.062638,1032961.000000,24.204704,43.626724,-0.027228
