fov,line,cellID,parentID,frame,tTrans,w,L,growthRateL2_0,area,growthRatearea2_0,V,growthRateV2_0,SA,growthRateSA2_0,beta2SA_V_2_0,Itot,xCM,yCM,orientation
12,2745,6,3,118,83.216667,1.022967,3.991952,0.023202,3.859062,0.027270,3.000685,0.030921,12.829115,0.026051,0.111554,943632.000000,21.422565,8.152388,-0.063120
12,2745,6,3,119,88.533333,1.036762,4.484387,0.021695,4.418571,0.024185,3.493995,0.026235,14.606022,0.023138,0.096724,1124752.000000,22.684904,7.957616,-0.052671
12,2745,6,3,120,93.833333,1.039978,5.024825,0.021482,4.993604,0.023105,3.973872,0.024335,16.417046,0.022135,0.091447,1255921.000000,24.232169,7.901315,-0.051001
12,2745,6,3,121,99.150000,1.043854,5.630394,0.021246,5.643473,0.022007,4.520684,0.022402,18.464112,0.021128,0.086295,1336239.000000,26.057835,7.792577,-0.039459
12,2745,6,3,122,104.450000,1.039594,6.294818,0.019915,6.312121,0.019987,5.049043,0.019744,20.558749,0.019224,0.078152,1487987.000000,28.031833,7.681634,-0.041787
