fov,line,cellID,parentID,frame,tTrans,w,L,growthRateL2_0,area,growthRatearea2_0,V,growthRateV2_0,SA,growthRateSA2_0,beta2SA_V_2_0,Itot,xCM,yCM,orientation
11,4551,18,14,85,-92.166667,0.848414,3.858883,0.025499,3.119460,0.028831,2.021682,0.031727,10.285360,0.027650,0.140672,373306.000000,12.476891,37.987536,-0.060371
11,4551,18,14,86,-86.850000,0.856958,4.382039,0.022455,3.597625,0.024999,2.362707,0.027148,11.797384,0.024106,0.120368,420985.000000,13.084932,37.969668,-0.093935
