fov,line,cellID,parentID,frame,tTrans,w,L,growthRateL2_0,area,growthRatearea2_0,V,growthRateV2_0,SA,growthRateSA2_0,beta2SA_V_2_0,Itot,xCM,yCM,orientation
17,2,45,35,43,-314.200000,0.933134,2.197505,0.012205,1.863704,0.006717,1.290106,0.000730,6.442044,0.004873,0.024352,224288.000000,10.708386,7.394180,-0.089808
17,2,45,35,44,-308.883333,0.898972,2.340105,0.011863,1.930257,0.009003,1.295112,0.005523,6.608930,0.007506,0.038279,228459.000000,10.757646,7.411204,-0.059871
17,2,45,35,45,-303.583333,0.890053,2.492229,0.012080,2.048209,0.011485,1.366041,0.010462,6.968730,0.010337,0.052695,243203.000000,10.822078,7.443858,-0.059730
17,2,45,35,46,-298.266667,0.882467,2.659718,0.012847,2.179993,0.013324,1.446843,0.013412,7.373677,0.012286,0.062571,269517.000000,10.911628,7.452628,-0.093743
17,2,45,35,47,-292.966667,0.884193,2.854990,0.013260,2.356588,0.015710,1.572057,0.017866,7.930521,0.014870,0.074962,264296.000000,10.850056,7.523889,-0.042856
17,2,45,35,48,-287.650000,0.896787,3.061629,0.012930,2.573040,0.017357,1.745027,0.021597,8.625647,0.016738,0.082807,280790.000000,10.958185,7.498533,-0.022383
17,2,45,35,49,-282.333333,0.919741,3.275945,0.012978,2.831484,0.017980,1.972807,0.022767,9.465685,0.017433,0.083720,314641.000000,11.043880,7.549455,-0.041560
17,2,45,35,50,-277.016667,0.940362,3.513709,0.012134,3.114390,0.018710,2.222617,0.025284,10.380320,0.018344,0.085749,342674.000000,11.169119,7.532625,-0.049523
17,2,45,35,51,-271.700000,0.980758,3.729286,0.010873,3.451104,0.018351,2.570363,0.025447,11.490457,0.018172,0.081307,409677.000000,11.450834,7.592842,-0.052112
