fov,line,cellID,parentID,frame,tTrans,w,L,growthRateL2_0,area,growthRatearea2_0,V,growthRateV2_0,SA,growthRateSA2_0,beta2SA_V_2_0,Itot,xCM,yCM,orientation
18,9796,19,17,198,509.000000,1.111027,4.366150,0.016921,4.586010,0.015961,3.873858,0.014579,15.239585,0.014887,0.058508,1006813.000000,20.560534,47.667629,-0.034117
18,9796,19,17,199,514.300000,1.100032,4.757715,0.016221,4.973957,0.015569,4.173187,0.014542,16.441966,0.014637,0.057616,1100455.000000,21.132963,47.581348,-0.043836
18,9796,19,17,200,519.600000,1.092344,5.184216,0.016184,5.406882,0.015925,4.517155,0.015334,17.790677,0.015106,0.059532,1218842.000000,21.762063,47.586395,-0.051269
18,9796,19,17,201,524.916667,1.087345,5.648477,0.015459,5.888115,0.015372,4.908560,0.014998,19.295168,0.014666,0.057776,1352621.000000,22.532033,47.529082,-0.049239
18,9796,20,17,198,509.000000,1.121422,4.191780,0.014026,4.430874,0.014329,3.771038,0.014282,14.767857,0.013444,0.052600,974882.000000,24.606830,47.425270,-0.034489
18,9796,20,17,199,514.300000,1.118201,4.503397,0.014128,4.767372,0.013897,4.056483,0.013331,15.820132,0.013046,0.050832,1062867.000000,25.598832,47.329981,-0.057402
18,9796,20,17,200,519.600000,1.109113,4.866184,0.015404,5.133161,0.013956,4.344245,0.012157,16.955645,0.013051,0.050971,1139552.000000,26.623784,47.322398,-0.062704
18,9796,20,17,201,524.916667,1.091390,5.299233,0.015370,5.527909,0.013431,4.617162,0.011118,18.169489,0.012566,0.049557,1256901.000000,27.929713,47.226825,-0.058571
