fov,line,cellID,parentID,frame,tTrans,w,L,growthRateL2_0,area,growthRatearea2_0,V,growthRateV2_0,SA,growthRateSA2_0,beta2SA_V_2_0,Itot,xCM,yCM,orientation
14,9846,7,3,185,439.350000,1.047652,3.065062,0.014723,2.975577,0.012116,2.341148,0.009005,10.088026,0.010683,0.046119,703202.000000,12.348285,14.429342,-0.049638
14,9846,7,3,186,444.666667,1.026784,3.304981,0.011046,3.167249,0.008122,2.453230,0.004804,10.660996,0.007042,0.030658,768510.000000,12.446441,14.403365,-0.049323
14,9846,7,3,187,449.983333,1.003459,3.453267,0.006040,3.249121,0.002617,2.466457,-0.001069,10.886278,0.001935,0.008530,795120.000000,12.522354,14.414200,-0.045972
14,9846,7,3,188,455.266667,0.982561,3.526069,0.003908,3.257397,0.000481,2.425282,-0.003213,10.884297,-0.000034,-0.000154,153067.000000,12.154170,7.957047,-0.075159
