fov,line,cellID,parentID,frame,tTrans,w,L,growthRateL2_0,area,growthRatearea2_0,V,growthRateV2_0,SA,growthRateSA2_0,beta2SA_V_2_0,Itot,xCM,yCM,orientation
14,3247,59,56,120,94.150000,1.071329,3.621883,0.014092,3.633919,0.013424,2.942988,0.012350,12.190094,0.012370,0.051314,769739.000000,17.463684,14.456162,-0.027928
14,3247,59,56,121,99.466667,1.062205,3.893234,0.012551,3.893281,0.013406,3.136226,0.013963,12.991780,0.012617,0.052344,835680.000000,17.883835,14.438034,-0.032371
14,3247,59,56,122,104.783333,1.070877,4.141488,0.011647,4.188925,0.013232,3.408640,0.014563,13.933043,0.012607,0.051531,961100.000000,18.191035,14.360066,-0.013552
14,3247,59,56,123,110.083333,1.073482,4.405321,0.011134,4.481732,0.012466,3.663239,0.013574,14.856689,0.011892,0.048152,959860.000000,18.606090,14.398943,-0.066604
14,3247,59,56,124,115.383333,1.079319,4.661411,0.011164,4.781153,0.012846,3.935712,0.014321,15.805820,0.012322,0.049483,1136186.000000,19.302643,14.370896,-0.057781
14,3247,59,56,125,120.700000,1.086606,4.957818,0.011245,5.133810,0.012920,4.261648,0.014385,16.924367,0.012431,0.049442,1200808.000000,19.997218,14.331520,-0.059027
