fov,line,cellID,parentID,frame,tTrans,w,L,growthRateL2_0,area,growthRatearea2_0,V,growthRateV2_0,SA,growthRateSA2_0,beta2SA_V_2_0,Itot,xCM,yCM,orientation
14,3,29,16,39,-335.933333,0.919834,2.197993,0.013787,1.840215,0.014704,1.256863,0.015116,6.351637,0.013303,0.067293,222740.000000,14.284137,20.686788,0.064302
14,3,29,16,40,-330.616667,0.917627,2.359107,0.012958,1.984077,0.014082,1.357876,0.014775,6.800857,0.012891,0.064630,234560.000000,14.559183,20.731368,0.014969
14,3,29,16,41,-325.300000,0.918938,2.523051,0.012050,2.137308,0.012160,1.470202,0.011866,7.283872,0.011068,0.054892,256469.000000,14.777950,20.699800,0.044666
14,3,29,16,42,-319.983333,0.908766,2.682381,0.011813,2.260426,0.010856,1.543378,0.009489,7.658124,0.009770,0.048449,271648.000000,15.101433,20.697718,0.038408
14,3,29,16,43,-314.683333,0.899244,2.859475,0.011311,2.397829,0.009366,1.625692,0.007053,8.078179,0.008342,0.041430,283434.000000,15.338125,20.719559,0.027019
14,3,29,16,44,-309.366667,0.880899,3.025766,0.010621,2.498868,0.006377,1.665115,0.001794,8.373586,0.005332,0.026800,291160.000000,15.675066,20.776506,0.026263
14,3,29,16,45,-304.066667,0.850532,3.200650,0.010309,2.567013,0.005009,1.657405,-0.000878,8.552222,0.003941,0.020293,302701.000000,16.025682,20.749155,0.013502
