fov,line,cellID,parentID,frame,tTrans,w,L,growthRateL2_0,area,growthRatearea2_0,V,growthRateV2_0,SA,growthRateSA2_0,beta2SA_V_2_0,Itot,xCM,yCM,orientation
16,531,22,10,102,-1.133333,0.648533,1.921989,0.025042,1.156212,0.043600,0.563488,0.063449,3.915910,0.042809,0.297494,128312.000000,19.035479,47.468536,-0.069956
16,531,22,10,103,4.183333,0.702594,2.177883,0.017503,1.424233,0.031129,0.753573,0.044618,4.807167,0.030873,0.196947,142122.000000,19.093828,47.488796,-0.135741
16,531,22,10,104,9.500000,0.751427,2.327315,0.010139,1.627635,0.023564,0.921015,0.037342,5.494043,0.023855,0.142303,192400.000000,19.245022,47.408944,-0.137835
16,531,22,10,105,14.816667,0.812655,2.428801,0.007859,1.832053,0.020987,1.119275,0.033317,6.200805,0.021438,0.118767,149353.000000,19.646686,47.330220,-0.056913
