fov,line,cellID,parentID,frame,tTrans,w,L,growthRateL2_0,area,growthRatearea2_0,V,growthRateV2_0,SA,growthRateSA2_0,beta2SA_V_2_0,Itot,xCM,yCM,orientation
18,4,27,23,31,-377.766667,0.889736,2.230181,0.021007,1.814387,0.027131,1.202207,0.032822,6.233776,0.025509,0.132463,258004.000000,20.013586,34.879563,0.014779
18,4,27,23,32,-372.450000,0.908892,2.479264,0.019485,2.076103,0.023645,1.411995,0.027243,7.079210,0.022231,0.111443,289013.000000,20.730872,34.890314,-0.011095
18,4,27,23,33,-367.150000,0.917262,2.743059,0.018530,2.335544,0.021802,1.610595,0.024600,7.904571,0.020520,0.100538,352672.000000,21.537798,34.868755,-0.024664
18,4,27,23,34,-361.850000,0.927965,3.018060,0.017925,2.615856,0.020815,1.831977,0.023260,8.798513,0.019676,0.094487,379690.000000,22.296107,34.886707,0.041376
18,4,27,23,35,-356.533333,0.934808,3.317405,0.017323,2.913604,0.020463,2.062981,0.023243,9.742509,0.019479,0.092123,401101.000000,23.399268,34.869726,0.014925
18,4,27,23,36,-351.216667,0.948704,3.629133,0.016652,3.249822,0.021032,2.341850,0.025142,10.816414,0.020248,0.093511,446342.000000,23.824370,34.793281,0.003625
18,4,27,23,37,-345.916667,0.970266,3.958985,0.016787,3.639241,0.022688,2.688089,0.028402,12.067707,0.022038,0.098924,508015.000000,24.825191,34.765391,-0.036109
18,4,27,23,38,-340.600000,1.001614,4.334714,0.016303,4.126417,0.022206,3.152408,0.027704,13.639891,0.021680,0.093941,588341.000000,26.811145,34.809855,-0.076560
