fov,line,cellID,parentID,frame,tTrans,w,L,growthRateL2_0,area,growthRatearea2_0,V,growthRateV2_0,SA,growthRateSA2_0,beta2SA_V_2_0,Itot,xCM,yCM,orientation
10,7508,7,1,73,-156.000000,0.836969,2.045947,0.004145,1.562062,-0.004894,0.972154,-0.013958,5.379647,-0.006193,-0.034317,170902.000000,11.112607,5.161909,-0.029546
10,7508,7,1,74,-150.683333,0.791961,2.091033,0.009687,1.521418,0.002346,0.900009,-0.005748,5.202529,0.000709,0.004097,177497.000000,11.229015,5.196599,-0.050776
10,7508,7,1,75,-145.383333,0.762877,2.260989,0.014298,1.599963,0.009414,0.917236,0.003902,5.418798,0.007779,0.045950,173749.000000,11.376888,5.121600,-0.031621
10,7508,7,1,76,-140.066667,0.738817,2.434253,0.016080,1.681328,0.012388,0.938010,0.008094,5.650054,0.010903,0.065662,180280.000000,11.438744,5.140083,-0.069480
10,7508,7,1,77,-134.766667,0.722208,2.676553,0.022221,1.821095,0.021924,0.997836,0.021018,6.072786,0.020417,0.124242,242357.000000,12.437329,11.431638,-0.124324
10,7508,7,1,78,-129.450000,0.723324,3.065675,0.023874,2.105197,0.025383,1.160667,0.026387,6.966408,0.024127,0.145021,231179.000000,12.599235,11.437870,-0.135479
