fov,line,cellID,parentID,frame,tTrans,w,L,growthRateL2_0,area,growthRatearea2_0,V,growthRateV2_0,SA,growthRateSA2_0,beta2SA_V_2_0,Itot,xCM,yCM,orientation
18,9506,13,9,203,535.533333,1.146613,3.230787,0.024638,3.422320,0.026808,2.941387,0.028227,11.637907,0.024786,0.098068,886493.000000,15.962534,47.919719,-0.055481
18,9506,13,9,204,540.833333,1.147409,3.652663,0.023215,3.908564,0.025140,3.381425,0.026433,13.166722,0.023479,0.091423,1008136.000000,16.185498,47.899075,-0.062796
18,9506,13,9,205,546.133333,1.149624,4.129628,0.021792,4.463895,0.023473,3.888823,0.024618,14.914776,0.022114,0.084813,1132753.000000,16.461621,47.866167,-0.063892
18,9506,14,9,203,535.533333,1.193198,3.414262,0.022903,3.768356,0.021950,3.373046,0.020228,12.798501,0.019905,0.075528,979374.000000,19.177784,47.737710,-0.050174
18,9506,14,9,204,540.833333,1.176293,3.828705,0.021663,4.206743,0.020806,3.734659,0.019293,14.148728,0.019095,0.072343,1104702.000000,19.846485,47.702603,-0.060589
18,9506,14,9,205,546.133333,1.161182,4.293456,0.020424,4.696128,0.019662,4.136823,0.018343,15.662364,0.018234,0.069036,1220837.000000,20.610797,47.640249,-0.052488
