fov,line,cellID,parentID,frame,tTrans,w,L,growthRateL2_0,area,growthRatearea2_0,V,growthRateV2_0,SA,growthRateSA2_0,beta2SA_V_2_0,Itot,xCM,yCM,orientation
25,2,45,40,32,-371.316667,0.940899,2.058540,0.019083,1.746894,0.023592,1.213244,0.027538,6.084884,0.021758,0.108895,214761.000000,17.019361,17.837395,-0.077445
25,2,45,40,33,-366.016667,0.953012,2.266741,0.015774,1.965324,0.017386,1.390318,0.018424,6.786568,0.015866,0.077283,248540.000000,17.485463,17.908783,-0.062959
25,2,45,40,34,-360.716667,0.943644,2.437548,0.014294,2.109082,0.014916,1.484759,0.015039,7.226219,0.013538,0.065854,271637.000000,17.984637,17.825941,0.027134
25,2,45,40,35,-355.400000,0.944696,2.636649,0.013799,2.299310,0.012830,1.627382,0.011403,7.825178,0.011523,0.055468,255128.000000,18.291826,17.860024,-0.072220
25,2,45,40,36,-350.083333,0.922446,2.824429,0.012660,2.422778,0.008985,1.682078,0.004834,8.185055,0.007660,0.037315,281842.000000,18.720489,17.912326,-0.069999
25,2,45,40,37,-344.766667,0.895982,3.016863,0.013239,2.530775,0.012398,1.713838,0.011107,8.491894,0.011331,0.056113,311564.000000,19.230481,17.900657,-0.019201
25,2,45,40,38,-339.466667,0.902131,3.248471,0.014301,2.755896,0.014942,1.884177,0.015220,9.206586,0.014033,0.068533,319794.000000,19.714946,17.877831,-0.017516
25,2,45,40,39,-334.150000,0.894469,3.510084,0.014344,2.967962,0.015987,2.018300,0.017346,9.863532,0.015186,0.074293,330104.000000,20.308276,17.865500,-0.021574
25,2,45,40,40,-328.833333,0.908475,3.783859,0.013609,3.260423,0.016872,2.256440,0.019850,10.799350,0.016299,0.078088,366298.000000,21.043127,17.895840,-0.011333
