fov,line,cellID,parentID,frame,tTrans,w,L,growthRateL2_0,area,growthRatearea2_0,V,growthRateV2_0,SA,growthRateSA2_0,beta2SA_V_2_0,Itot,xCM,yCM,orientation
25,5,30,24,38,-339.466667,1.027635,3.530308,0.017392,3.401243,0.023484,2.643955,0.029412,11.397288,0.022623,0.097522,438278.000000,19.682521,41.916768,-0.057211
25,5,30,24,39,-334.150000,1.053800,3.856739,0.016656,3.825916,0.022181,3.057402,0.027434,12.768155,0.021438,0.089530,496452.000000,20.269310,41.932793,-0.029281
25,5,30,24,40,-328.833333,1.080935,4.213352,0.015920,4.303613,0.020878,3.535838,0.025450,14.307938,0.020242,0.081908,595369.000000,20.948480,41.930519,-0.072211
