fov,line,cellID,parentID,frame,tTrans,w,L,growthRateL2_0,area,growthRatearea2_0,V,growthRateV2_0,SA,growthRateSA2_0,beta2SA_V_2_0,Itot,xCM,yCM,orientation
25,6,57,54,46,-296.983333,0.963932,3.716262,0.021163,3.382823,0.032602,2.477514,0.044367,11.253887,0.031888,0.144848,331126.000000,27.006062,48.096487,-0.078027
25,6,57,54,47,-291.666667,1.013335,4.134412,0.020093,3.969181,0.030194,3.061926,0.040141,13.161841,0.029598,0.127231,437516.000000,28.344367,48.012340,-0.086489
25,6,57,54,48,-286.350000,1.065481,4.599612,0.019023,4.657174,0.027786,3.784454,0.035910,15.396320,0.027297,0.111054,512537.000000,29.509716,47.972532,-0.087188
