fov,line,cellID,parentID,frame,tTrans,w,L,growthRateL2_0,area,growthRatearea2_0,V,growthRateV2_0,SA,growthRateSA2_0,beta2SA_V_2_0,Itot,xCM,yCM,orientation
25,5661,6,1,66,-190.750000,0.904229,1.990441,0.016028,1.624349,0.008721,1.084637,0.000789,5.654283,0.006137,0.032031,158357.000000,16.177073,12.156286,-0.118718
25,5661,6,1,67,-185.433333,0.860415,2.160052,0.014939,1.699669,0.009029,1.089184,0.002278,5.838782,0.006845,0.036681,160782.000000,16.499377,12.161666,-0.117441
25,5661,6,1,68,-180.133333,0.829347,2.333021,0.014168,1.787277,0.008411,1.110980,0.002043,6.078617,0.006628,0.036252,173458.000000,16.916107,12.102136,-0.090196
25,5661,6,1,69,-174.816667,0.794393,2.510974,0.013794,1.859274,0.007439,1.113282,0.000485,6.266539,0.005853,0.032986,179611.000000,17.396520,12.066570,-0.103903
25,5661,6,1,70,-169.500000,0.762236,2.701309,0.013220,1.934351,0.005560,1.116719,-0.002534,6.468650,0.004139,0.023963,190474.000000,17.648304,12.027323,-0.059639
25,5661,6,1,71,-164.200000,0.721482,2.890122,0.012326,1.973463,0.003739,1.083243,-0.005831,6.550757,0.002365,0.014273,197828.000000,18.039701,12.026262,-0.058900
