fov,line,cellID,parentID,frame,tTrans,w,L,growthRateL2_0,area,growthRatearea2_0,V,growthRateV2_0,SA,growthRateSA2_0,beta2SA_V_2_0,Itot,xCM,yCM,orientation
20,6013,26,20,130,148.216667,0.938317,3.992532,0.020759,3.557317,0.023779,2.544536,0.026428,11.769226,0.022763,0.105384,749681.000000,14.039456,39.795669,-0.045718
20,6013,26,20,131,153.533333,0.947320,4.433182,0.019961,4.007056,0.022608,2.902067,0.024903,13.193567,0.021733,0.098898,902404.000000,14.256623,39.709232,-0.060401
20,6013,26,20,132,158.850000,0.956071,4.933507,0.020089,4.520619,0.022550,3.313021,0.024686,14.818204,0.021751,0.097223,1053476.000000,14.418853,39.726252,-0.065802
20,6013,26,20,133,164.150000,0.964168,5.485390,0.018983,5.089340,0.021084,3.770351,0.022886,16.615376,0.020408,0.089738,1201789.000000,14.587957,39.735888,-0.059381
20,6013,27,20,130,148.216667,1.101451,3.447837,0.019548,3.537269,0.021520,2.935403,0.022965,11.930584,0.020115,0.081832,811487.000000,17.513945,39.572965,-0.039144
20,6013,27,20,131,153.533333,1.104460,3.806170,0.018866,3.941984,0.021514,3.293803,0.023733,13.206507,0.020348,0.081661,966296.000000,18.189266,39.471599,-0.050679
20,6013,27,20,132,158.850000,1.117719,4.211405,0.019142,4.439067,0.023005,3.766642,0.026505,14.788004,0.022015,0.086376,1132793.000000,18.758756,39.466398,-0.051239
20,6013,27,20,133,164.150000,1.137682,4.662050,0.018238,5.026166,0.022039,4.353732,0.025443,16.662787,0.021229,0.081070,1308853.000000,19.480645,39.444550,-0.050183
