fov,line,cellID,parentID,frame,tTrans,w,L,growthRateL2_0,area,growthRatearea2_0,V,growthRateV2_0,SA,growthRateSA2_0,beta2SA_V_2_0,Itot,xCM,yCM,orientation
20,4247,19,13,90,-64.166667,0.461270,1.178266,0.002434,0.497838,0.023297,0.171205,0.047268,1.707452,0.025374,0.253540,46987.000000,17.204654,52.438724,0.184847
20,4247,19,13,91,-58.850000,0.516810,1.193513,0.002319,0.559501,0.014418,0.214230,0.026043,1.937795,0.015443,0.139954,77364.000000,17.357535,52.397214,-0.165464
20,4247,19,13,92,-53.533333,0.533898,1.207697,0.021888,0.583615,0.038515,0.230531,0.056306,2.025658,0.037495,0.329576,56377.000000,17.663118,52.376896,0.177798
20,4247,19,13,93,-48.233333,0.592539,1.474149,0.035328,0.798143,0.044900,0.352039,0.052727,2.744152,0.042487,0.330780,56074.000000,17.990927,52.391878,-0.033468
20,4247,19,13,94,-42.933333,0.589964,1.759727,0.047646,0.963482,0.060746,0.427287,0.073692,3.261525,0.057447,0.437959,66939.000000,18.024540,52.360600,0.172997
20,4247,19,13,95,-37.633333,0.637218,2.362892,0.075349,1.418540,0.102425,0.685809,0.130367,4.730228,0.098723,0.681151,210585.000000,19.028769,52.275163,-0.064391
20,4247,19,13,96,-32.316667,0.716805,3.649932,0.066324,2.506026,0.081620,1.376492,0.094377,8.219320,0.079843,0.477669,234292.000000,19.263454,52.281827,-0.073285
