fov,line,cellID,parentID,frame,tTrans,w,L,growthRateL2_0,area,growthRatearea2_0,V,growthRateV2_0,SA,growthRateSA2_0,beta2SA_V_2_0,Itot,xCM,yCM,orientation
26,5001,17,1,70,-169.333333,0.743664,2.489815,0.023889,1.732904,0.038829,0.973790,0.054476,5.816931,0.037999,0.226610,172508.000000,12.124604,5.342259,0.005408
26,5001,17,1,71,-164.033333,0.793030,2.805051,0.019378,2.089529,0.026428,1.254944,0.032833,6.988445,0.025631,0.142492,216364.000000,12.035335,5.390208,0.011944
26,5001,17,1,72,-158.733333,0.801028,3.065996,0.016042,2.318251,0.019479,1.410543,0.022628,7.715593,0.018677,0.102312,242543.000000,12.148489,5.345048,-0.024331
26,5001,17,1,73,-153.400000,0.814968,3.328036,0.012061,2.569709,0.012679,1.594329,0.013020,8.520759,0.012030,0.064387,267430.000000,12.315963,5.384639,-0.007253
26,5001,17,1,74,-148.100000,0.802475,3.492812,0.005883,2.664699,0.002413,1.631271,-0.001215,8.805557,0.001901,0.010244,259579.000000,12.304219,5.365948,-0.024511
26,5001,17,1,75,-142.800000,0.780831,3.545860,0.004631,2.637876,0.005101,1.573319,0.005499,8.698185,0.004871,0.026883,283883.000000,12.419273,5.279915,-0.055269
26,5001,17,1,76,-137.500000,0.803370,3.666859,0.004635,2.807338,0.010155,1.722982,0.015716,9.254639,0.010206,0.054901,275872.000000,12.583516,5.309321,-0.068434
26,5001,17,1,77,-132.166667,0.828757,3.726566,0.003622,2.941023,0.015035,1.861244,0.027328,9.702556,0.015469,0.080756,255428.000000,12.914223,5.262021,-0.067628
26,5001,17,1,78,-126.866667,0.906427,3.810394,0.004151,3.277525,0.019372,2.263842,0.033554,10.850570,0.019963,0.095521,405284.000000,16.790298,5.167814,-0.042570
