fov,line,cellID,parentID,frame,tTrans,w,L,growthRateL2_0,area,growthRatearea2_0,V,growthRateV2_0,SA,growthRateSA2_0,beta2SA_V_2_0,Itot,xCM,yCM,orientation
28,2516,137,131,211,579.616667,1.107878,2.522717,0.011831,2.531461,0.013845,2.075884,0.015465,8.780317,0.012693,0.053738,774766.000000,22.997214,4.205518,-0.053136
28,2516,137,131,212,584.933333,1.112654,2.681402,0.011330,2.717797,0.012932,2.246568,0.014154,9.372859,0.011881,0.049615,822222.000000,23.117444,4.211983,-0.076706
28,2516,137,131,213,590.250000,1.114557,2.845770,0.011437,2.905187,0.012172,2.414006,0.012514,9.964419,0.011099,0.045786,868056.000000,23.062146,4.203648,-0.057444
28,2516,137,131,214,595.550000,1.109116,3.026934,0.011293,3.093231,0.011470,2.567278,0.011265,10.547023,0.010422,0.042724,881251.000000,23.428328,4.178624,-0.076751
28,2516,138,131,211,579.616667,1.118594,2.550426,0.011136,2.584370,0.012429,2.139958,0.013320,8.962622,0.011285,0.047266,771305.000000,25.448655,4.053660,-0.089508
28,2516,138,131,212,584.933333,1.119433,2.701429,0.010514,2.755143,0.011658,2.291510,0.012439,9.500387,0.010647,0.044140,806954.000000,25.718227,4.061655,-0.063745
