fov,line,cellID,parentID,frame,tTrans,w,L,growthRateL2_0,area,growthRatearea2_0,V,growthRateV2_0,SA,growthRateSA2_0,beta2SA_V_2_0,Itot,xCM,yCM,orientation
24,1078,6,1,186,446.283333,1.077394,2.047717,0.013651,1.957092,0.018323,1.539436,0.022636,6.930972,0.016955,0.076536,324516.000000,20.430275,41.787544,0.014738
24,1078,6,1,187,451.600000,1.095038,2.196340,0.013845,2.147746,0.017045,1.724703,0.019731,7.555771,0.015613,0.068364,355099.000000,21.112906,41.763635,0.012764
24,1078,6,1,188,456.883333,1.098811,2.370056,0.014631,2.345136,0.016571,1.900147,0.017964,8.181472,0.014999,0.064548,397061.000000,21.800334,41.712587,-0.017577
24,1078,6,1,189,462.200000,1.099541,2.563917,0.015062,2.559681,0.016580,2.086521,0.017557,8.856566,0.015055,0.063969,435427.000000,22.711167,41.663695,-0.017467
24,1078,6,1,190,467.500000,1.098845,2.780041,0.015376,2.795711,0.017094,2.289057,0.018310,9.597043,0.015692,0.065754,483221.000000,23.613531,41.617752,-0.044886
24,1078,6,1,191,472.800000,1.102827,3.017028,0.014821,3.066254,0.016648,2.530783,0.018022,10.452890,0.015448,0.063772,531320.000000,24.529852,41.541336,-0.050400
