fov,line,cellID,parentID,frame,tTrans,w,L,growthRateL2_0,area,growthRatearea2_0,V,growthRateV2_0,SA,growthRateSA2_0,beta2SA_V_2_0,Itot,xCM,yCM,orientation
22,9581,8,1,128,137.916667,0.906824,4.462610,0.019317,3.870328,0.030592,2.686979,0.042283,12.713403,0.030136,0.142586,691496.000000,14.478011,33.250077,-0.023243
22,9581,8,1,129,143.233333,0.954123,4.920938,0.018418,4.499819,0.028452,3.291018,0.038407,14.750350,0.028066,0.125792,824860.000000,14.736210,33.263587,-0.029611
22,9581,8,1,130,148.550000,1.003994,5.426339,0.017518,5.231694,0.026312,4.031002,0.034528,17.115439,0.025991,0.110356,951254.000000,14.886600,33.217660,-0.045730
22,9581,9,1,128,137.916667,1.096003,4.220758,0.019138,4.368178,0.020492,3.637352,0.021407,14.532889,0.019374,0.077407,862396.000000,18.603688,33.053877,0.008017
22,9581,9,1,129,143.233333,1.097251,4.650215,0.018254,4.844081,0.019485,4.051336,0.020333,16.029827,0.018525,0.073299,1043427.000000,19.373671,33.030022,-0.062270
22,9581,9,1,130,148.550000,1.099096,5.123370,0.017370,5.371832,0.018479,4.513302,0.019252,17.690539,0.017657,0.069209,1097372.000000,20.012933,32.965090,-0.037306
