fov,line,cellID,parentID,frame,tTrans,w,L,growthRateL2_0,area,growthRatearea2_0,V,growthRateV2_0,SA,growthRateSA2_0,beta2SA_V_2_0,Itot,xCM,yCM,orientation
28,6876,3,1,124,117.650000,0.935119,5.861963,0.023871,5.293974,0.038547,3.811856,0.054048,17.221054,0.038123,0.172231,1135009.000000,13.030250,24.123608,-0.052409
28,6876,3,1,125,122.950000,0.997821,6.603595,0.021190,6.375538,0.032008,4.903782,0.042013,20.700601,0.031715,0.133880,1347601.000000,13.438103,24.067900,-0.051103
28,6876,4,1,124,117.650000,1.021533,4.677187,0.024265,4.553956,0.031132,3.554278,0.037817,15.010213,0.030170,0.127413,1004743.000000,18.030700,23.901067,-0.057249
28,6876,4,1,125,122.950000,1.049859,5.278705,0.021500,5.305359,0.026723,4.266664,0.031503,17.410372,0.026011,0.106139,1168989.000000,19.086020,23.810128,-0.060298
