fov,line,cellID,parentID,frame,tTrans,w,L,growthRateL2_0,area,growthRatearea2_0,V,growthRateV2_0,SA,growthRateSA2_0,beta2SA_V_2_0,Itot,xCM,yCM,orientation
31,9410,7,1,37,-343.800000,1.044198,2.147325,0.016345,2.008242,0.015943,1.540810,0.014798,7.044181,0.013792,0.063098,226202.000000,12.652691,20.112046,0.041898
31,9410,7,1,38,-338.483333,1.031159,2.333931,0.016148,2.178471,0.017690,1.662037,0.018643,7.560728,0.015940,0.072563,253224.000000,12.796096,20.114926,0.041751
31,9410,7,1,39,-333.166667,1.040068,2.548066,0.016591,2.418017,0.019534,1.870283,0.021954,8.325726,0.018085,0.080435,282110.000000,12.969230,20.073585,0.000211
31,9410,7,1,40,-327.866667,1.047698,2.782757,0.016956,2.679928,0.019991,2.097965,0.022543,9.159283,0.018644,0.081321,315230.000000,13.635257,20.118422,-0.052465
31,9410,7,1,41,-322.550000,1.058458,3.048995,0.017405,2.986809,0.021092,2.372388,0.024348,10.138657,0.019882,0.085023,364406.000000,14.436351,20.079905,-0.051675
31,9410,7,1,42,-317.233333,1.074906,3.347037,0.017719,3.349795,0.020127,2.712180,0.022044,11.302669,0.018924,0.078915,403481.000000,16.457394,20.063565,-0.050092
31,9410,7,1,43,-311.916667,1.073801,3.679620,0.017000,3.703734,0.017974,3.008127,0.018505,12.412998,0.016824,0.069472,439776.000000,17.273253,20.039573,-0.055735
