fov,line,cellID,parentID,frame,tTrans,w,L,growthRateL2_0,area,growthRatearea2_0,V,growthRateV2_0,SA,growthRateSA2_0,beta2SA_V_2_0,Itot,xCM,yCM,orientation
31,6350,43,38,157,293.416667,0.849360,3.220242,0.024921,2.580327,0.033115,1.664160,0.041146,8.592707,0.031955,0.164739,461318.000000,13.258721,39.190312,-0.049740
31,6350,43,38,158,298.716667,0.877333,3.645569,0.020771,3.033196,0.026106,2.027069,0.031031,10.047999,0.025234,0.125081,669946.000000,13.234333,39.174092,-0.082366
31,6350,43,38,159,304.033333,0.892607,4.024145,0.018643,3.420998,0.022720,2.331979,0.026498,11.284542,0.021952,0.106225,684474.000000,13.407102,39.174446,-0.033182
31,6350,43,38,160,309.333333,0.908480,4.442036,0.016946,3.858382,0.019406,2.683107,0.021554,12.677898,0.018720,0.088453,812265.000000,13.543100,39.166076,-0.028696
31,6350,43,38,161,314.650000,0.910991,4.823328,0.014869,4.215911,0.015951,2.945945,0.016781,13.804190,0.015346,0.072023,949289.000000,13.732610,39.187683,-0.031304
