fov,line,cellID,parentID,frame,tTrans,w,L,growthRateL2_0,area,growthRatearea2_0,V,growthRateV2_0,SA,growthRateSA2_0,beta2SA_V_2_0,Itot,xCM,yCM,orientation
30,5,75,71,43,-312.083333,0.828936,2.939949,0.035986,2.289569,0.048060,1.437496,0.060017,7.656152,0.046216,0.245836,245339.000000,14.958273,33.556083,0.002185
30,5,75,71,44,-306.783333,0.866679,3.500673,0.030756,2.872766,0.038728,1.894753,0.046106,9.531469,0.037392,0.188157,306439.000000,15.089022,33.559202,-0.024260
30,5,75,71,45,-301.466667,0.891854,4.082998,0.027781,3.470744,0.032594,2.364968,0.036878,11.439917,0.031424,0.152052,406697.000000,14.756577,33.671518,-0.092823
30,5,75,71,46,-296.166667,0.903052,4.704931,0.024941,4.073789,0.027930,2.820683,0.030483,13.347992,0.026971,0.127473,433702.000000,14.868093,33.673661,-0.092918
30,5,149,148,70,-168.683333,0.990370,4.258982,0.016416,4.007481,0.020433,3.026576,0.024236,13.251143,0.019719,0.086336,648302.000000,26.569512,33.196734,-0.076626
30,5,149,148,71,-163.400000,1.006275,4.628368,0.015106,4.440107,0.018442,3.414116,0.021485,14.631687,0.017859,0.076536,719209.000000,27.611498,33.079189,-0.064257
