fov,line,cellID,parentID,frame,tTrans,w,L,growthRateL2_0,area,growthRatearea2_0,V,growthRateV2_0,SA,growthRateSA2_0,beta2SA_V_2_0,Itot,xCM,yCM,orientation
31,6920,17,1,76,-136.683333,0.825155,1.669095,0.075870,1.231144,0.077110,0.745483,0.074948,4.326799,0.067715,0.393391,133427.000000,14.913548,45.727619,-0.068485
31,6920,17,1,77,-131.366667,0.799663,2.342366,0.046273,1.735875,0.046920,1.042539,0.046095,5.884531,0.042885,0.242286,288082.000000,15.870165,45.615577,-0.180691
31,6920,17,1,78,-126.050000,0.790827,2.821614,0.035270,2.097195,0.035834,1.256477,0.035473,7.010178,0.033458,0.186553,293474.000000,16.025718,45.588870,-0.172309
31,6920,17,1,79,-120.750000,0.784288,3.398916,0.021267,2.533725,0.021471,1.515732,0.021213,8.374631,0.020301,0.112094,321903.000000,16.338897,45.570098,-0.152579
31,6920,17,1,80,-115.433333,0.781810,3.589035,0.009963,2.674772,0.009918,1.597835,0.009665,8.815129,0.009399,0.051902,312291.000000,16.538036,45.598477,-0.157899
