fov,line,cellID,parentID,frame,tTrans,w,L,growthRateL2_0,area,growthRatearea2_0,V,growthRateV2_0,SA,growthRateSA2_0,beta2SA_V_2_0,Itot,xCM,yCM,orientation
31,9601,18,9,92,-51.766667,0.838240,1.849095,0.016113,1.399196,0.018229,0.866240,0.019761,4.869422,0.016531,0.093082,145681.000000,19.450377,32.808529,0.046603
31,9601,18,9,93,-46.450000,0.839958,2.007497,0.015780,1.534805,0.019053,0.957251,0.021873,5.297395,0.017660,0.097740,164588.000000,19.871450,32.813915,0.012349
31,9601,18,9,94,-41.150000,0.853902,2.185421,0.015603,1.709658,0.017507,1.088526,0.018881,5.862634,0.016164,0.086929,177726.000000,20.556559,32.804403,-0.035523
31,9601,18,9,95,-35.850000,0.846770,2.368946,0.015696,1.852078,0.016566,1.175109,0.016937,6.301882,0.015207,0.081563,216161.000000,21.180865,32.656907,0.086548
31,9601,18,9,96,-30.533333,0.848776,2.580185,0.014318,2.035395,0.015754,1.299829,0.016788,6.880085,0.014696,0.077916,225821.000000,21.718669,32.725006,0.092983
31,9601,18,9,97,-25.216667,0.850239,2.761779,0.013006,2.193034,0.014057,1.407139,0.014758,7.376997,0.013148,0.068939,229321.000000,22.412191,32.613288,0.057161
31,9601,18,9,98,-19.916667,0.850164,2.961532,0.013719,2.362678,0.014437,1.520299,0.014800,7.909863,0.013526,0.070268,257372.000000,23.144246,32.591769,0.051845
31,9601,18,9,99,-14.616667,0.848611,3.192453,0.014480,2.554607,0.016507,1.645651,0.018242,8.511048,0.015692,0.081164,273248.000000,24.121246,32.561116,0.021949
31,9601,18,9,100,-9.300000,0.860035,3.452320,0.014158,2.810384,0.017118,1.839010,0.019776,9.327755,0.016468,0.083670,316497.000000,25.301763,32.477548,0.034718
